-- phpMyAdmin SQL Dump
-- version 4.8.0.1
-- https://www.phpmyadmin.net/
--
-- Host: localhost
-- Generation Time: Oct 22, 2018 at 03:41 PM
-- Server version: 10.1.32-MariaDB
-- PHP Version: 7.2.5

SET SQL_MODE = "NO_AUTO_VALUE_ON_ZERO";
SET AUTOCOMMIT = 0;
START TRANSACTION;
SET time_zone = "+00:00";


/*!40101 SET @OLD_CHARACTER_SET_CLIENT=@@CHARACTER_SET_CLIENT */;
/*!40101 SET @OLD_CHARACTER_SET_RESULTS=@@CHARACTER_SET_RESULTS */;
/*!40101 SET @OLD_COLLATION_CONNECTION=@@COLLATION_CONNECTION */;
/*!40101 SET NAMES utf8mb4 */;

--
-- Database: `bookstore`
--

-- --------------------------------------------------------

--
-- Table structure for table `active_token`
--

CREATE TABLE `active_token` (
  `token` varchar(100) DEFAULT NULL,
  `expiry_time` datetime DEFAULT NULL,
  `user_id` int(11) DEFAULT NULL
) ENGINE=InnoDB DEFAULT CHARSET=latin1;

-- --------------------------------------------------------

--
-- Table structure for table `books`
--

CREATE TABLE `books` (
  `ID` int(50) NOT NULL,
  `Judul` varchar(100) NOT NULL,
  `Pengarang` varchar(50) DEFAULT NULL,
  `Deskripsi` varchar(500) DEFAULT NULL
) ENGINE=InnoDB DEFAULT CHARSET=latin1;

--
-- Dumping data for table `books`
--

INSERT INTO `books` (`ID`, `Judul`, `Pengarang`, `Deskripsi`) VALUES
(1, 'Esse et molestias et nostrum et.', 'Brandi Hintz', 'Dolor ipsa accusamus occaecati perspiciatis autem minima. Laboriosam iure provident voluptas est harum et. Repellendus ea similique consequuntur et.'),
(2, 'Ratione omnis incidunt aliquid ipsam quasi.', 'Magnolia Flatley MD', 'Beatae facere et tempore voluptatem inventore. Recusandae placeat praesentium asperiores. Quis consequatur repellat voluptas dolorem.'),
(3, 'Animi nobis numquam error adipisci.', 'Zita Windler', 'Molestiae facere illum maiores accusantium doloribus perferendis porro. Voluptate modi qui harum cupiditate modi ea reiciendis quam. Voluptatem delectus molestiae dolorum.'),
(4, 'Natus deserunt dolores enim at qui.', 'Ms. Jennifer Terry', 'Quis aut nisi officiis alias maxime. Rerum temporibus et omnis perspiciatis saepe doloribus repellendus culpa. Qui temporibus perferendis architecto iste eos dolore et. Quaerat consequuntur sit nam id.'),
(5, 'Et sed voluptatem illum rerum.', 'Adrianna Kessler', 'Consequuntur molestias voluptatem dolorem libero. Ab neque rerum nihil libero rerum dolores. Et non ex sit blanditiis quis.'),
(6, 'Omnis nobis veritatis fugit qui delectus.', 'Mr. Xander Wilkinson IV', 'Omnis eius voluptatem aperiam. Laudantium iusto rerum dolorem et. Aliquid animi atque cupiditate nemo.'),
(7, 'Nulla id repudiandae labore velit aut.', 'Claud Larkin', 'Iste laudantium odio at sint hic beatae autem. Quae non eius enim consequatur quas et qui veniam. Et non qui optio doloremque. Sint voluptas culpa sed facere expedita. Et praesentium sed nostrum reprehenderit tempora.'),
(8, 'Aliquam quod asperiores quod officia.', 'Darion Brakus', 'Corporis velit dolores beatae a voluptas. Perspiciatis dolorum esse et qui inventore rerum. Suscipit dolor perspiciatis perferendis quod minima in. Dolorem rerum est ipsum blanditiis rerum.'),
(9, 'Laudantium sed dolores voluptatem error cumque.', 'Lelah Yost', 'Ducimus rerum sit aliquid esse natus voluptatem quae. Eveniet soluta pariatur ut sunt tempore. Cupiditate itaque dolor nihil unde blanditiis omnis ab. Et sit sint consequatur ipsum optio dolor est.'),
(10, 'Numquam occaecati autem nostrum eligendi.', 'Dr. Karine Watsica MD', 'Quibusdam minus aut rerum omnis sed quidem doloremque culpa. Nesciunt et debitis ipsam dolor corporis omnis. Nihil eum consequuntur a voluptas enim velit quos quis.'),
(11, 'Deleniti consequatur ad quasi.', 'Marcia Klocko', 'Sit expedita nesciunt exercitationem quas ea. Quia et cum ut. Eaque ut consequatur aut in temporibus dolorem nostrum.'),
(12, 'Inventore aut qui eos eligendi.', 'Melany Deckow', 'Qui at explicabo illum saepe. Accusamus repellat nesciunt quia optio illum. Sunt ut accusamus molestiae.'),
(13, 'Odit sed eos eaque.', 'Celestine Gerlach', 'Ad inventore exercitationem non soluta sed reiciendis doloribus. Ut et laudantium qui ut omnis voluptatibus. Est doloribus molestiae quisquam veritatis quibusdam similique. Porro ab quas et ex neque magni dolorem dicta. Incidunt eaque recusandae magnam voluptates tenetur.'),
(14, 'Ipsum nihil eos harum qui.', 'Quinn Nicolas', 'Quod eos rem qui totam. Voluptate reprehenderit placeat aut maxime. Dolor earum minus est natus pariatur totam animi cumque.'),
(15, 'Labore consectetur facere assumenda iste.', 'Dalton Okuneva Jr.', 'Doloribus architecto ea suscipit autem voluptas. Odio dolorem molestias quaerat quis officiis quas blanditiis. Et necessitatibus est eos iste odit numquam. Enim qui molestias quisquam et.'),
(16, 'Placeat mollitia voluptatem velit.', 'Jordi Fisher', 'Soluta soluta quo ut ea. Laboriosam harum maxime dolor est quis deleniti veritatis animi. Saepe voluptas impedit reprehenderit excepturi autem et ab. Dicta veritatis non blanditiis facere dicta dolores unde.'),
(17, 'Earum sapiente eaque.', 'Janae Zieme', 'Voluptatem praesentium voluptates id. Est ut illum nesciunt et libero autem velit. Cupiditate corrupti eligendi nemo fugit id.'),
(18, 'Et nihil doloribus quia neque placeat.', 'Prof. Elwin Wehner', 'Modi fuga qui labore sapiente assumenda unde aut pariatur. Provident sit ut aperiam eligendi voluptatum ut. Repudiandae omnis nemo et dignissimos et adipisci. Laudantium quaerat sint fugit molestiae aut tenetur.'),
(19, 'Eum sunt rerum.', 'Taurean Beier', 'Temporibus assumenda amet officia cumque repudiandae. Rerum itaque dicta enim. Quos quidem et at atque illo. Ut aliquam minima dignissimos quia minima.'),
(20, 'Id vitae eum vitae porro sint.', 'Gregoria Rempel', 'Aut illo qui omnis eveniet repellendus consectetur blanditiis. Ex eos et tempora cumque maxime. Nihil officiis doloremque assumenda delectus modi eos.'),
(21, 'Explicabo dolores ut.', 'Dr. Berneice VonRueden DDS', 'Ut nobis consectetur autem tempora nostrum deserunt. Nulla necessitatibus maiores corporis. Dolorem et consequatur et qui.'),
(22, 'Exercitationem ipsam ipsa.', 'Bennie Shields', 'Adipisci iure eos vel. Rerum molestias aliquam qui debitis consequatur quaerat ipsa nisi. Quis autem ab qui labore blanditiis consequatur eos.'),
(23, 'Eius ut deleniti sint.', 'Mr. Joshuah Metz', 'Ut libero tenetur corporis similique sunt distinctio aut. Est velit laborum fugiat illo quae nulla. Voluptatem alias eum ut optio at nihil laudantium. Doloribus similique soluta nobis et natus. Ut aliquam similique sint non.'),
(24, 'Aliquid quam esse et temporibus cupiditate.', 'Prof. Kyle Greenfelder', 'Quia minima quo quasi nostrum sit. Et ipsum totam odit fuga veritatis. Dolorem maxime aut ut cum aliquam tempora.'),
(25, 'Exercitationem et et.', 'Marcellus Corkery', 'Eum vel animi in. Sapiente aliquam quia facilis porro et et qui dolorem. Eius velit provident ex aut exercitationem distinctio. Harum est aut in culpa in et id.'),
(26, 'Blanditiis facere accusamus.', 'Nicolas Mitchell DVM', 'Quis eligendi dolores velit autem molestias asperiores. Repudiandae repudiandae eum voluptatibus ex accusamus. Ipsam inventore quam molestias repellendus voluptatem ut ea. Delectus et quidem ducimus quia sed dolorum.'),
(27, 'Tenetur perferendis et quis.', 'Prof. Constantin Larson II', 'Aut dolorum sit libero dolor. Dicta in et vel. Dolore sint illum modi ratione id eos. Laborum quia qui sit aliquam commodi praesentium velit est.'),
(28, 'Corporis incidunt aliquid.', 'Dr. Electa Kunde PhD', 'Quo esse et fuga molestiae. Fugit fugiat quae laudantium voluptas aut sit. Dolorem dolores impedit excepturi nihil enim. Ipsam voluptatibus blanditiis veniam harum et.'),
(29, 'Expedita culpa nobis et aut.', 'Eldora Lind', 'A aspernatur sunt cum aut. Aut voluptas non ut est. Aspernatur voluptate quae repellendus quia excepturi neque. Maxime ut vel consectetur voluptas eos autem nihil.'),
(30, 'Dolore non voluptates odio.', 'Dr. Manuel Little V', 'Dolores provident voluptas necessitatibus eum quam. Assumenda quod qui iste qui. Excepturi natus neque rem vel illum et. Et repellendus at harum vel.'),
(31, 'Quos excepturi id magni.', 'Roxanne Grant DVM', 'Eius eaque fugit asperiores earum ea non. Et odit qui voluptatibus quam. Error vel aut unde tenetur dolores nesciunt et. Quam voluptatibus earum sint dolor dolores.'),
(32, 'Est laudantium architecto in distinctio corrupti.', 'Imogene Grady', 'Consequatur laudantium sapiente porro. Beatae corrupti id nihil unde saepe. Ipsam debitis possimus eos eaque adipisci. Similique voluptatem et minima enim.'),
(33, 'Molestias blanditiis itaque facilis delectus dolores.', 'Miss Laury Collier V', 'Quidem dolor ut temporibus sunt nihil inventore ea. Quis omnis ipsum blanditiis qui ipsum et dicta. Nihil ad aliquam repellat vero qui illo. Totam amet earum vero deleniti id sit.'),
(34, 'Ipsum dolorum et tempora.', 'Nathen Auer', 'Sint ducimus et voluptas aliquam. Sunt illum et eligendi est est. Sed est magnam debitis ea non eligendi corporis pariatur.'),
(35, 'Ullam possimus non adipisci.', 'Dr. Neal Considine', 'Voluptas dolore iure neque veniam sunt aut enim. Ut unde inventore enim asperiores amet nulla cum. Nihil non doloremque expedita voluptas ut.'),
(36, 'Possimus voluptatem placeat officiis alias.', 'Aylin Buckridge', 'Incidunt sed ut possimus id similique. Sint quia unde enim qui eos aut. Optio ratione facilis officia praesentium.'),
(37, 'Autem amet quo veritatis magni.', 'Lawson Eichmann', 'Ut voluptatibus sapiente ab eos id saepe. Cumque vero soluta temporibus voluptatem. Eius odio qui reprehenderit ea exercitationem accusamus.'),
(38, 'Sed doloremque id architecto.', 'Dino Collier', 'Cum deleniti voluptas debitis labore minima mollitia sed. Id laudantium natus iure officia earum et repellat. Excepturi voluptas autem officia earum. Sequi voluptas vitae temporibus corrupti.'),
(39, 'Porro similique eos quisquam.', 'Mr. Luther Mertz', 'Sit animi explicabo non minus fuga. Ut quas est repellendus repellat nisi beatae. Necessitatibus et quod voluptas non doloribus aliquid asperiores in.'),
(40, 'Consequatur odit sapiente.', 'Orval Feeney', 'Possimus voluptas eos rerum et architecto sint id. Aut neque aliquam numquam accusantium minima. Qui libero doloremque debitis ut deserunt tempore. Iure repellendus qui nulla quas.'),
(41, 'Eligendi quae amet omnis quis consequatur.', 'Johnathan Crona', 'Doloribus nisi aut qui maxime quia quia in. Omnis autem tenetur aliquid. Eos et doloribus voluptatem. Non soluta cumque optio maxime rerum sint.'),
(42, 'Molestias non omnis sit in.', 'Reed Sauer', 'Doloribus cumque quis aut error. Quibusdam et aut porro in non officiis aut. Occaecati quasi cumque quas eos consequatur.'),
(43, 'Vel est reiciendis.', 'Mr. Olaf Baumbach', 'Optio animi inventore aut ut quod modi consectetur. At est similique quis natus atque qui excepturi. Est dolores pariatur vel quia accusantium cupiditate commodi. Voluptates illo quasi vitae in.'),
(44, 'Fugiat maiores dolorem qui.', 'Millie Durgan', 'Autem culpa in aspernatur saepe aliquid atque delectus. Ut a vero est quia consectetur illo voluptas.'),
(45, 'Quis rerum rerum aperiam velit.', 'Carmela Stroman', 'Quo quidem necessitatibus architecto. Deleniti incidunt quam optio tenetur.'),
(46, 'Animi consequuntur maiores est.', 'Ms. Elna Beahan', 'Quo delectus et vitae tenetur est. Nihil ab autem dolorum dolore sint corrupti. Consequatur debitis nemo quidem ipsa molestias.'),
(47, 'Temporibus facilis nemo unde soluta.', 'Prof. Erik Bradtke', 'Sunt eos fuga nobis hic sequi aut reprehenderit. Est et expedita eum iste. Quis quasi sunt quos soluta ullam. Iste ullam quasi unde voluptate.'),
(48, 'Voluptate laborum sunt.', 'Verna Heathcote', 'Consequatur sint itaque voluptatem autem iusto non. Deserunt itaque omnis sint adipisci eos beatae ut. Nulla aut ipsam est officiis cum aut.'),
(49, 'Inventore quis iure expedita deserunt magni.', 'Lucius Medhurst', 'Aspernatur nemo veniam consequuntur iste nam dolorum quae. Et quas hic id atque.'),
(50, 'Et aut cupiditate debitis sunt veritatis.', 'Prof. Morris Windler III', 'Dolorum consequatur vero assumenda quae nulla. Nulla ut ratione reprehenderit voluptate aut. Numquam omnis deserunt voluptatum perspiciatis tempore tenetur est.'),
(51, 'Delectus numquam et et officia.', 'Ignatius Parker', 'Nemo voluptatem pariatur sint ad quam. Maiores mollitia beatae sint. Eveniet in odit omnis delectus eos adipisci veritatis temporibus.'),
(52, 'Dicta ut provident est.', 'Kennedi Stiedemann', 'Labore inventore non amet perspiciatis quis adipisci pariatur. Iusto ducimus eveniet dolores aut ea quibusdam. Ipsa commodi modi rerum officiis qui assumenda.'),
(53, 'Ratione labore in odio.', 'Santiago Willms', 'Et qui praesentium aspernatur. Voluptatem quisquam iste eum autem ut qui. Magni quia consequuntur natus. Magni ea quam consequatur autem sed.'),
(54, 'Quasi ut hic ducimus sunt.', 'Willow Hyatt Jr.', 'At porro dolores tenetur praesentium. Molestiae illum excepturi rerum.'),
(55, 'Delectus nobis omnis.', 'Prof. Woodrow Ratke DDS', 'Veritatis rerum aliquam quia est consequatur fugiat. Libero cum optio maiores doloribus officia fuga et. Voluptatem a quis dignissimos et occaecati sed.'),
(56, 'Sequi voluptas odio velit.', 'Mr. Nico Windler Sr.', 'In quibusdam nostrum deleniti quis qui debitis. Quas quaerat eligendi qui consequatur rem molestiae. Fugit est voluptatibus reprehenderit nobis nulla magnam magnam. Velit hic vero sit quia. Hic et quidem quaerat at et consectetur fugit rerum.'),
(57, 'Quidem cumque odit.', 'Mr. Emmanuel Macejkovic', 'Corrupti in dolorem molestiae qui pariatur. Distinctio molestias praesentium consequatur vel dicta sed molestias. Sed eos tenetur sapiente reiciendis.'),
(58, 'Voluptas qui delectus fuga est.', 'Lane Lesch I', 'Repellendus atque et consequatur rerum consequuntur corporis. Ut quia et aliquam nostrum dolore. Pariatur optio dolor ut necessitatibus quos excepturi. Harum non non ut dolorum.'),
(59, 'Rerum tempora suscipit voluptatem magnam.', 'Glenna Breitenberg', 'Illo reiciendis qui id odit consequatur optio. Dolor error iusto qui fugiat sunt ea voluptatem. Recusandae aut ut rem itaque libero architecto rem. Pariatur ratione id sit voluptate placeat.'),
(60, 'Quidem sint ut quia.', 'Dr. Adolphus Kshlerin', 'Aut minus eaque distinctio ipsum possimus quo quia. Aliquid facere eos mollitia ipsam neque et itaque ducimus. Et quos saepe cumque repellendus aliquam alias neque. Molestiae ea eos et architecto non.'),
(61, 'Quibusdam sit sint.', 'Brisa Nienow DVM', 'Enim magni quidem et quia ex aut minima. Voluptate aut consequatur tenetur ut. Voluptatibus autem cumque impedit consectetur nobis qui quia corporis. Sint velit fuga optio est.'),
(62, 'Impedit quo labore.', 'Prof. Josh Strosin Sr.', 'Nulla culpa eos ipsam corporis nemo deserunt. Explicabo ullam sequi sint quo veritatis praesentium nostrum. Qui aperiam enim officia minus qui.'),
(63, 'Eveniet totam vel in.', 'Chris Spinka', 'Sapiente blanditiis ipsum tempore vel facere error nam. Voluptatem doloribus rerum pariatur. Et reprehenderit a vitae molestiae. Commodi repudiandae culpa non eaque ipsam quia nam ut. Quis odio fugiat dignissimos quia.'),
(64, 'Ratione nostrum ut sed asperiores.', 'Clay Streich', 'Rerum quae dolorem recusandae. Voluptas temporibus culpa vel dolore eveniet.'),
(65, 'Qui fugit laboriosam ut in qui.', 'Wilfrid Murazik PhD', 'Ut nulla reprehenderit laboriosam ut eum qui. Fugiat voluptas fuga et commodi.'),
(66, 'Illum et at.', 'Colleen Walsh', 'Nulla voluptatem cumque molestiae rerum sit eos. Consectetur rem perspiciatis delectus officiis ut et temporibus. Totam in aliquid magni qui et. Alias ea aliquid quos tempore blanditiis.'),
(67, 'Nobis aut dicta repellendus.', 'Daron McGlynn', 'Sit minima temporibus ab et consectetur velit. Voluptatem non ut officiis consectetur. Aliquam sit occaecati repudiandae blanditiis quis.'),
(68, 'Maiores quis et mollitia sit.', 'Columbus Quitzon DDS', 'Deleniti labore sint fugiat aut necessitatibus sed ratione et. Magni hic qui vel odio. Aut dolorem voluptatem autem animi fugiat praesentium.'),
(69, 'Nostrum qui facere.', 'Casper Emmerich PhD', 'Corporis est ducimus porro nihil suscipit et. Recusandae sit perspiciatis maiores ex rerum ut atque. Quis non natus voluptatibus dolorem delectus doloremque tenetur. Iste est placeat illo ipsa aut recusandae molestiae.'),
(70, 'Dolores totam sint rem.', 'Gayle Blick', 'Quia ut labore consequatur odit. Asperiores quam enim voluptatem voluptatem mollitia voluptatem. A aliquam nisi non odit. Dolor ut laudantium eaque est.'),
(71, 'Repellat aperiam explicabo expedita.', 'Dr. Sylvan Schuster PhD', 'Omnis dolore praesentium nulla rerum nam inventore. Aut dolore aut ad ut. Est tenetur ratione exercitationem.'),
(72, 'Distinctio aliquid culpa qui rerum.', 'Franz Thiel', 'Assumenda quas quas aspernatur sit voluptas. Corrupti repudiandae dolor et. Consectetur omnis ex quia magnam laudantium earum et.'),
(73, 'Ut provident aspernatur quam minima.', 'Lucas Klocko', 'Commodi reprehenderit qui et consequuntur fugiat tempora reprehenderit. Et sint sed sed dolores. Aut placeat non fuga sed quas. Quia est autem voluptas ipsam.'),
(74, 'Aliquid eius dolorem est.', 'Noble Mitchell', 'Molestiae ad et reiciendis quasi possimus. Architecto sint delectus sed nulla cumque ducimus soluta saepe.'),
(75, 'Quam dolorum officiis placeat labore eaque.', 'Porter Metz', 'Repudiandae qui saepe iste nulla in aut velit. Et reiciendis nulla porro officia qui aliquid omnis rerum. Dolor deserunt eos consectetur corrupti rerum. Suscipit commodi sequi ut cupiditate enim.'),
(76, 'Repellendus accusamus est officiis.', 'Mrs. Kaycee Kutch', 'Ipsum necessitatibus sit ut sapiente. Eaque incidunt sunt atque temporibus. Explicabo omnis vel rerum neque.'),
(77, 'Quibusdam esse ut facilis at.', 'Prof. Itzel Sipes', 'Quia qui mollitia harum aperiam quo sed et laudantium. In harum deserunt incidunt tenetur necessitatibus eligendi. Quia aperiam nulla quas inventore veritatis nemo consequuntur aliquid.'),
(78, 'Quo repellat aut est.', 'Miss Cali Breitenberg V', 'Maxime sunt voluptatem harum cumque consequuntur alias quos. Voluptates dicta cupiditate perferendis repellendus.'),
(79, 'Nulla ratione doloribus.', 'Eve Crona', 'Modi autem minus esse pariatur qui dolor praesentium. Ullam dolores eum necessitatibus rem dolore maiores voluptatem totam. Alias nemo distinctio sunt autem ipsam modi quod. Rerum neque dolorum blanditiis et.'),
(80, 'Autem dicta et doloremque et.', 'Estell Gottlieb', 'Corrupti quis rem iste quidem autem fuga fugiat. Perspiciatis dolores cupiditate illo autem qui vero velit. Sequi repellendus consequatur ad odit debitis et. Sunt ut id perspiciatis itaque ipsa ut ea quia. Ut dolorem doloribus adipisci sed ut.'),
(81, 'Ut et autem exercitationem.', 'Monte Graham', 'Aliquam impedit veritatis dolores. Ea sit neque quos consequatur dolores quod fugit.'),
(82, 'Reiciendis id deserunt ab.', 'Dr. Reid Collins', 'Eum officiis velit aut necessitatibus. Ut quas sed itaque non dicta.'),
(83, 'Repellat atque sit voluptatem ex.', 'Dr. Gillian Nader', 'Asperiores quos aliquid et ab. Dolores nulla rerum porro architecto praesentium. Reprehenderit id id fugiat. Optio harum beatae nam reprehenderit neque.'),
(84, 'Quibusdam quidem dolores.', 'Edward Bogisich', 'Cupiditate soluta dolores autem itaque sed. Quia voluptatibus vel aperiam quasi dolorem est reiciendis. Mollitia aut voluptas eos eos. Consequuntur consectetur aut tempora qui. Sed dolorem corrupti facere maxime et beatae aspernatur.'),
(85, 'Placeat maiores et consectetur qui sed.', 'Mr. Manuela Klocko', 'Laborum in tempore temporibus sed. Repudiandae quia ut fuga hic iure. Voluptas vero nesciunt ut et cumque voluptas in adipisci.'),
(86, 'Eligendi voluptatem atque ad explicabo numquam.', 'Shanelle Legros Jr.', 'Voluptatum inventore qui enim eligendi a aliquid. Animi sint dolores facere itaque rerum ut. Aut molestiae quam assumenda eaque.'),
(87, 'Sint assumenda molestiae qui.', 'Mrs. Maria McDermott III', 'Tempora quia nobis ut tenetur recusandae dolorem labore. Qui omnis laudantium sed tempore. Et culpa quo eligendi et et ad. Unde magni quibusdam est voluptatem officia minima impedit. Et nihil enim veritatis modi.'),
(88, 'Esse ea corporis iusto consectetur possimus.', 'Mr. Valentin Torp III', 'Sunt dolore assumenda deserunt porro est libero. Corporis minus reiciendis temporibus corporis. Ut aut explicabo dignissimos.'),
(89, 'Illum aspernatur mollitia quo quo.', 'Vivienne Bailey', 'Eos et voluptate amet rem culpa. Quasi odit qui a similique tempora ratione dolorem. Quisquam dolorem velit non illo.'),
(90, 'Vitae suscipit magni ut dolorem.', 'Prof. Buddy Metz I', 'Reiciendis dolor qui nemo. Minima qui officia harum commodi quos. Vero enim doloribus consequatur alias.'),
(91, 'Sequi non nihil consequuntur blanditiis voluptas.', 'Addison Brakus', 'Quaerat mollitia recusandae numquam sequi distinctio maiores eum. Qui aliquam explicabo quam et. Ducimus dolores rerum nisi voluptatem ab eligendi dignissimos.'),
(92, 'Dolores consequatur labore quia velit ratione.', 'Lennie Halvorson', 'Aliquid quas molestiae fugit rerum quae. Debitis nulla sint quis qui. Fuga autem similique repellendus quasi repudiandae et molestias.'),
(93, 'Molestias voluptatem tempore harum.', 'Mr. Dimitri Considine', 'Dolores ab quia quisquam ipsum quae. Ducimus nostrum nisi voluptate harum ratione est consectetur. Quam tempore fugit pariatur. Eveniet voluptatum aliquid et delectus. In sed iusto nemo quo.'),
(94, 'Qui repellendus facere id expedita.', 'Sterling Streich', 'Minima et quia fuga provident ut quis. Qui inventore natus suscipit odio non iusto nam. Qui earum quam possimus labore. Illo ut eum repudiandae aut voluptatibus debitis enim. Quia perspiciatis eveniet sapiente debitis inventore.'),
(95, 'Ullam culpa maiores beatae et.', 'Jared Simonis', 'Eum sed laborum ex placeat non est aliquid. Veritatis quis est a optio. Tempora officiis consequatur perspiciatis sequi illum illum voluptatem quod. Quia placeat neque quidem enim voluptatum.'),
(96, 'Sit facere quas illum tenetur.', 'Natalia Borer', 'Aut corporis aspernatur facere unde repudiandae explicabo sit. Quia est tempora laboriosam. Quaerat velit vel illo. Aliquam recusandae sapiente exercitationem nihil ratione.'),
(97, 'Sapiente ab labore.', 'Orion Emard Sr.', 'Consectetur vitae ab accusantium sunt at. Cum dolore quod voluptas consequatur autem et ut illo. Et aspernatur sunt soluta pariatur ipsam odio. Sed sed nemo non dolorum rerum.'),
(98, 'Sapiente quae qui ipsa reiciendis recusandae.', 'Leola Cassin IV', 'Ut et suscipit dolor qui quaerat expedita. Ratione non pariatur voluptas ad necessitatibus neque corrupti. Nihil quidem et nobis veniam tenetur.'),
(99, 'Est nostrum animi est similique.', 'Vincenza Gorczany', 'Impedit repellendus facilis impedit animi quia. Dicta corporis odit et aut delectus distinctio. Et id tempora voluptatem quas doloribus et. Voluptates deleniti nesciunt corporis.'),
(100, 'Est aut impedit non magni consequuntur.', 'Bella Spencer', 'Delectus quam ratione saepe necessitatibus. Culpa quia quasi repellat pariatur possimus quis quis. Esse dolores consequatur saepe porro architecto aut delectus. Minus inventore dicta dignissimos commodi expedita repellat ea.');

-- --------------------------------------------------------

--
-- Table structure for table `book_order`
--

CREATE TABLE `book_order` (
  `Nomor_Order` int(11) NOT NULL,
  `jumlah` int(11) DEFAULT NULL,
  `tanggal` date DEFAULT NULL,
  `has_reviewed` tinyint(1) DEFAULT NULL,
  `book_id` int(11) DEFAULT NULL,
  `user_id` int(11) DEFAULT NULL
) ENGINE=InnoDB DEFAULT CHARSET=latin1;

--
-- Dumping data for table `book_order`
--

INSERT INTO `book_order` (`Nomor_Order`, `jumlah`, `tanggal`, `has_reviewed`, `book_id`, `user_id`) VALUES
(1, 3, '2018-03-25', 0, 1, 2),
(2, 7, '2018-06-29', 0, 2, 3),
(3, 0, '2018-08-30', 1, 3, 4),
(4, 1, '2018-08-28', 1, 4, 5),
(5, 8, '2018-02-22', 0, 5, 6),
(6, 3, '2018-05-31', 1, 6, 7),
(7, 3, '2018-10-18', 1, 7, 8),
(8, 1, '2018-04-29', 0, 8, 9),
(9, 3, '2018-04-22', 1, 9, 10),
(10, 6, '2018-05-27', 0, 10, 11),
(11, 7, '2017-12-22', 0, 11, 12),
(12, 7, '2018-08-07', 0, 12, 13),
(13, 6, '2017-11-24', 1, 13, 14),
(14, 5, '2018-05-26', 0, 14, 15),
(15, 2, '2017-12-20', 1, 15, 16),
(16, 3, '2017-12-15', 0, 16, 17),
(17, 2, '2018-06-20', 1, 17, 18),
(18, 7, '2018-05-21', 1, 18, 19),
(19, 2, '2018-10-21', 0, 19, 20),
(20, 2, '2018-06-25', 0, 20, 21),
(21, 10, '2018-01-02', 1, 21, 22),
(22, 5, '2018-04-03', 0, 22, 23),
(23, 2, '2018-06-30', 0, 23, 24),
(24, 4, '2018-06-22', 0, 24, 25),
(25, 6, '2018-04-21', 0, 25, 26),
(26, 10, '2017-11-21', 0, 26, 27),
(27, 7, '2017-12-17', 0, 27, 28),
(28, 9, '2017-11-09', 1, 28, 29),
(29, 9, '2018-09-25', 1, 29, 30),
(30, 2, '2017-10-24', 0, 30, 31),
(31, 7, '2018-09-05', 1, 31, 32),
(32, 7, '2018-10-06', 1, 32, 33),
(33, 9, '2018-07-05', 0, 33, 34),
(34, 5, '2017-10-26', 0, 34, 35),
(35, 6, '2018-03-03', 1, 35, 36),
(36, 6, '2017-12-20', 0, 36, 37),
(37, 7, '2018-10-07', 0, 37, 38),
(38, 2, '2018-02-21', 0, 38, 39),
(39, 6, '2017-12-16', 0, 39, 40),
(40, 9, '2017-10-24', 0, 40, 41),
(41, 3, '2018-07-06', 0, 41, 42),
(42, 1, '2017-11-02', 0, 42, 43),
(43, 4, '2018-02-02', 1, 43, 44),
(44, 5, '2017-10-22', 0, 44, 45),
(45, 3, '2018-06-18', 1, 45, 46),
(46, 1, '2018-08-15', 0, 46, 47),
(47, 5, '2018-08-03', 0, 47, 48),
(48, 5, '2017-12-16', 0, 48, 49),
(49, 7, '2018-01-16', 0, 49, 50),
(50, 1, '2017-12-22', 0, 50, 51),
(51, 7, '2018-05-22', 0, 51, 52),
(52, 0, '2018-08-05', 1, 52, 53),
(53, 8, '2017-11-21', 0, 53, 54),
(54, 4, '2017-11-24', 0, 54, 55),
(55, 4, '2018-05-17', 0, 55, 56),
(56, 9, '2018-07-20', 1, 56, 57),
(57, 7, '2018-07-24', 0, 57, 58),
(58, 8, '2018-08-04', 0, 58, 59),
(59, 4, '2018-10-12', 0, 59, 60),
(60, 6, '2018-06-02', 1, 60, 61),
(61, 6, '2018-05-04', 0, 61, 62),
(62, 6, '2018-06-03', 0, 62, 63),
(63, 6, '2018-08-02', 0, 63, 64),
(64, 8, '2017-10-26', 0, 64, 65),
(65, 10, '2018-08-28', 0, 65, 66),
(66, 0, '2018-08-16', 1, 66, 67),
(67, 4, '2018-07-25', 0, 67, 68),
(68, 9, '2018-03-03', 0, 68, 69),
(69, 8, '2018-04-12', 1, 69, 70),
(70, 8, '2018-01-15', 0, 70, 71),
(71, 10, '2018-04-18', 0, 71, 72),
(72, 9, '2018-03-08', 1, 72, 73),
(73, 9, '2018-02-17', 0, 73, 74),
(74, 0, '2018-08-27', 0, 74, 75),
(75, 1, '2017-12-09', 1, 75, 76),
(76, 0, '2018-05-22', 0, 76, 77),
(77, 0, '2018-09-24', 0, 77, 78),
(78, 7, '2017-11-15', 0, 78, 79),
(79, 7, '2017-12-19', 0, 79, 80),
(80, 4, '2018-04-14', 1, 80, 81),
(81, 0, '2018-07-10', 0, 81, 82),
(82, 1, '2018-02-07', 0, 82, 83),
(83, 8, '2018-09-10', 1, 83, 84),
(84, 5, '2018-08-16', 1, 84, 85),
(85, 4, '2018-02-18', 0, 85, 86),
(86, 4, '2018-06-25', 0, 86, 87),
(87, 2, '2017-12-12', 0, 87, 88),
(88, 1, '2018-10-01', 0, 88, 89),
(89, 4, '2018-01-27', 1, 89, 90),
(90, 6, '2017-12-07', 0, 90, 91),
(91, 2, '2018-02-10', 0, 91, 92),
(92, 1, '2018-09-22', 1, 92, 93),
(93, 3, '2017-11-04', 0, 93, 94),
(94, 0, '2018-03-31', 1, 94, 95),
(95, 6, '2018-01-13', 1, 95, 96),
(96, 9, '2017-11-01', 1, 96, 97),
(97, 0, '2018-09-01', 1, 97, 98),
(98, 1, '2018-09-06', 1, 98, 99),
(99, 0, '2018-05-04', 0, 99, 100),
(100, 3, '2018-03-11', 0, 100, 101),
(101, 9, '2018-06-14', 1, 1, 102),
(102, 9, '2018-02-04', 0, 2, 103),
(103, 4, '2018-10-21', 1, 3, 104),
(104, 5, '2018-03-04', 0, 4, 105),
(105, 7, '2018-04-10', 1, 5, 106),
(106, 6, '2017-12-02', 0, 6, 107),
(107, 3, '2017-10-24', 0, 7, 108),
(108, 7, '2018-05-24', 1, 8, 109),
(109, 5, '2018-08-07', 0, 9, 110),
(110, 5, '2018-08-15', 1, 10, 111),
(111, 2, '2017-11-28', 0, 11, 112),
(112, 6, '2018-02-24', 0, 12, 113),
(113, 2, '2018-04-20', 0, 13, 114),
(114, 1, '2017-10-27', 0, 14, 115),
(115, 5, '2017-12-30', 1, 15, 116),
(116, 7, '2018-05-06', 0, 16, 117),
(117, 5, '2017-11-11', 0, 17, 118),
(118, 4, '2018-06-26', 1, 18, 119),
(119, 10, '2018-06-22', 1, 19, 120),
(120, 4, '2017-12-01', 0, 20, 121),
(121, 1, '2018-09-15', 1, 21, 122),
(122, 5, '2018-05-23', 0, 22, 123),
(123, 7, '2018-08-05', 0, 23, 124),
(124, 1, '2017-12-04', 0, 24, 125),
(125, 10, '2018-03-25', 1, 25, 126),
(126, 10, '2018-08-06', 1, 26, 127),
(127, 0, '2018-01-31', 1, 27, 128),
(128, 1, '2018-02-17', 0, 28, 129),
(129, 6, '2018-02-23', 1, 29, 130),
(130, 3, '2018-09-18', 1, 30, 131),
(131, 1, '2018-01-16', 0, 31, 132),
(132, 7, '2018-06-22', 0, 32, 133),
(133, 6, '2018-04-09', 0, 33, 134),
(134, 9, '2018-04-19', 0, 34, 135),
(135, 2, '2018-03-27', 0, 35, 136),
(136, 5, '2018-08-10', 0, 36, 137),
(137, 5, '2018-01-07', 0, 37, 138),
(138, 0, '2018-03-14', 0, 38, 139),
(139, 3, '2017-12-31', 1, 39, 140),
(140, 6, '2017-11-06', 1, 40, 141),
(141, 8, '2018-05-25', 1, 41, 142),
(142, 1, '2018-04-24', 0, 42, 143),
(143, 10, '2018-09-27', 1, 43, 144),
(144, 10, '2018-08-20', 1, 44, 145),
(145, 9, '2018-02-08', 1, 45, 146),
(146, 8, '2018-02-21', 0, 46, 147),
(147, 10, '2018-06-06', 0, 47, 148),
(148, 9, '2018-02-06', 0, 48, 149),
(149, 1, '2017-11-05', 1, 49, 150),
(150, 1, '2018-03-19', 0, 50, 151),
(151, 3, '2018-01-25', 1, 51, 152),
(152, 10, '2017-12-05', 0, 52, 153),
(153, 5, '2018-05-27', 1, 53, 154),
(154, 5, '2018-09-11', 0, 54, 155),
(155, 3, '2018-06-23', 0, 55, 156),
(156, 0, '2017-11-11', 0, 56, 157),
(157, 10, '2017-11-02', 0, 57, 158),
(158, 9, '2018-08-30', 0, 58, 159),
(159, 9, '2018-03-18', 0, 59, 160),
(160, 8, '2018-03-15', 1, 60, 161),
(161, 6, '2017-11-11', 0, 61, 162),
(162, 3, '2017-11-26', 0, 62, 163),
(163, 5, '2018-09-04', 0, 63, 164),
(164, 10, '2018-04-16', 1, 64, 165),
(165, 3, '2018-10-22', 1, 65, 166),
(166, 9, '2018-02-16', 0, 66, 167),
(167, 1, '2017-11-09', 0, 67, 168),
(168, 10, '2018-06-02', 1, 68, 169),
(169, 6, '2018-04-27', 0, 69, 170),
(170, 5, '2018-06-06', 1, 70, 171),
(171, 4, '2017-11-17', 1, 71, 172),
(172, 10, '2018-01-23', 0, 72, 173),
(173, 2, '2018-10-02', 0, 73, 174),
(174, 4, '2017-11-20', 0, 74, 175),
(175, 10, '2018-08-29', 1, 75, 176),
(176, 6, '2018-05-31', 0, 76, 177),
(177, 10, '2018-07-28', 0, 77, 178),
(178, 1, '2018-05-13', 1, 78, 179),
(179, 9, '2018-05-15', 1, 79, 180),
(180, 9, '2018-06-09', 1, 80, 181),
(181, 7, '2018-03-26', 0, 81, 182),
(182, 6, '2017-12-19', 0, 82, 183),
(183, 4, '2018-08-26', 1, 83, 184),
(184, 2, '2018-03-11', 0, 84, 185),
(185, 1, '2018-01-20', 1, 85, 186),
(186, 6, '2018-04-22', 0, 86, 187),
(187, 3, '2017-12-09', 1, 87, 188),
(188, 8, '2017-12-27', 1, 88, 189),
(189, 3, '2017-11-16', 0, 89, 190),
(190, 2, '2018-07-16', 0, 90, 191),
(191, 10, '2018-06-24', 0, 91, 192),
(192, 7, '2018-04-23', 1, 92, 193),
(193, 5, '2018-09-17', 1, 93, 194),
(194, 6, '2018-05-16', 1, 94, 195),
(195, 1, '2018-01-03', 1, 95, 196),
(196, 7, '2017-11-07', 1, 96, 197),
(197, 5, '2018-02-25', 1, 97, 198),
(198, 9, '2018-01-23', 1, 98, 199),
(199, 4, '2018-02-07', 1, 99, 200),
(200, 3, '2017-10-29', 0, 100, 201),
(201, 0, '2018-05-26', 1, 1, 2),
(202, 7, '2017-12-10', 0, 2, 3),
(203, 8, '2018-02-06', 0, 3, 4),
(204, 2, '2018-02-06', 1, 4, 5),
(205, 8, '2018-02-18', 1, 5, 6),
(206, 4, '2018-06-29', 0, 6, 7),
(207, 6, '2018-04-25', 1, 7, 8),
(208, 8, '2018-01-26', 0, 8, 9),
(209, 10, '2018-03-31', 1, 9, 10),
(210, 7, '2018-03-01', 0, 10, 11),
(211, 0, '2018-10-21', 1, 11, 12),
(212, 8, '2018-05-26', 1, 12, 13),
(213, 2, '2018-05-02', 0, 13, 14),
(214, 6, '2017-12-10', 0, 14, 15),
(215, 0, '2018-07-20', 1, 15, 16),
(216, 5, '2018-08-03', 0, 16, 17),
(217, 5, '2018-03-08', 0, 17, 18),
(218, 6, '2018-01-13', 1, 18, 19),
(219, 0, '2018-08-19', 0, 19, 20),
(220, 10, '2018-07-15', 0, 20, 21),
(221, 10, '2018-05-10', 0, 21, 22),
(222, 3, '2018-05-04', 0, 22, 23),
(223, 10, '2018-02-07', 1, 23, 24),
(224, 6, '2017-12-19', 1, 24, 25),
(225, 4, '2018-03-11', 0, 25, 26),
(226, 8, '2018-05-30', 1, 26, 27),
(227, 10, '2018-06-18', 0, 27, 28),
(228, 6, '2018-05-02', 1, 28, 29),
(229, 7, '2017-11-24', 1, 29, 30),
(230, 0, '2018-09-16', 1, 30, 31),
(231, 5, '2018-03-31', 1, 31, 32),
(232, 0, '2018-09-05', 0, 32, 33),
(233, 10, '2018-05-14', 1, 33, 34),
(234, 0, '2018-02-18', 0, 34, 35),
(235, 10, '2018-06-04', 0, 35, 36),
(236, 8, '2018-07-22', 0, 36, 37),
(237, 10, '2018-05-20', 1, 37, 38),
(238, 1, '2018-05-25', 0, 38, 39),
(239, 10, '2018-10-14', 0, 39, 40),
(240, 1, '2018-07-30', 1, 40, 41),
(241, 3, '2018-03-29', 0, 41, 42),
(242, 8, '2018-09-27', 1, 42, 43),
(243, 3, '2018-09-04', 0, 43, 44),
(244, 10, '2018-03-12', 0, 44, 45),
(245, 6, '2018-05-06', 1, 45, 46),
(246, 3, '2018-09-27', 1, 46, 47),
(247, 7, '2017-12-22', 0, 47, 48),
(248, 2, '2018-05-28', 0, 48, 49),
(249, 1, '2018-07-23', 1, 49, 50),
(250, 5, '2018-07-25', 1, 50, 51),
(251, 9, '2018-02-03', 0, 51, 52),
(252, 7, '2017-11-23', 0, 52, 53),
(253, 9, '2018-01-24', 1, 53, 54),
(254, 9, '2018-05-16', 1, 54, 55),
(255, 10, '2018-06-28', 1, 55, 56),
(256, 10, '2018-05-14', 1, 56, 57),
(257, 1, '2018-04-23', 1, 57, 58),
(258, 5, '2018-06-06', 1, 58, 59),
(259, 9, '2018-08-10', 0, 59, 60),
(260, 5, '2018-09-02', 0, 60, 61),
(261, 4, '2018-01-22', 0, 61, 62),
(262, 10, '2018-09-26', 1, 62, 63),
(263, 0, '2018-06-19', 1, 63, 64),
(264, 7, '2018-09-04', 0, 64, 65),
(265, 4, '2018-05-22', 1, 65, 66),
(266, 3, '2018-05-19', 0, 66, 67),
(267, 8, '2018-03-27', 1, 67, 68),
(268, 7, '2018-04-18', 1, 68, 69),
(269, 5, '2018-01-03', 0, 69, 70),
(270, 7, '2018-08-21', 1, 70, 71),
(271, 2, '2018-06-16', 0, 71, 72),
(272, 1, '2018-02-04', 1, 72, 73),
(273, 3, '2018-03-09', 0, 73, 74),
(274, 2, '2018-10-06', 0, 74, 75),
(275, 5, '2018-08-22', 1, 75, 76),
(276, 1, '2018-02-23', 1, 76, 77),
(277, 5, '2018-08-16', 0, 77, 78),
(278, 0, '2018-07-08', 1, 78, 79),
(279, 8, '2018-01-24', 0, 79, 80),
(280, 2, '2017-12-20', 1, 80, 81),
(281, 2, '2018-02-25', 0, 81, 82),
(282, 5, '2018-08-29', 0, 82, 83),
(283, 3, '2018-07-06', 1, 83, 84),
(284, 4, '2017-11-27', 0, 84, 85),
(285, 7, '2018-06-08', 0, 85, 86),
(286, 10, '2018-01-12', 1, 86, 87),
(287, 4, '2018-01-27', 0, 87, 88),
(288, 4, '2017-11-02', 1, 88, 89),
(289, 0, '2018-06-24', 1, 89, 90),
(290, 10, '2018-07-20', 0, 90, 91),
(291, 4, '2017-11-11', 0, 91, 92),
(292, 0, '2018-07-16', 0, 92, 93),
(293, 3, '2017-12-03', 1, 93, 94),
(294, 1, '2018-09-25', 1, 94, 95),
(295, 0, '2018-09-26', 0, 95, 96),
(296, 9, '2018-09-11', 0, 96, 97),
(297, 1, '2018-09-05', 0, 97, 98),
(298, 8, '2018-06-04', 0, 98, 99),
(299, 2, '2018-05-05', 0, 99, 100),
(300, 4, '2018-09-16', 1, 100, 101);

-- --------------------------------------------------------

--
-- Table structure for table `review`
--

CREATE TABLE `review` (
  `ID` int(11) NOT NULL,
  `order_id` int(11) DEFAULT NULL,
  `komentar` varchar(500) DEFAULT NULL,
  `rating` float DEFAULT NULL
) ENGINE=InnoDB DEFAULT CHARSET=latin1;

--
-- Dumping data for table `review`
--

INSERT INTO `review` (`ID`, `order_id`, `komentar`, `rating`) VALUES
(1, 1, 'Eos tempora repellendus dolores veniam esse. Sit sequi ad deleniti molestias quisquam. Saepe sit laudantium sapiente aut. Ea aut est asperiores voluptatem.', 4.72189),
(2, 2, 'Fugiat rem voluptatem porro nemo natus. Qui rerum delectus omnis assumenda. Vero numquam sunt voluptatibus est eius illo optio distinctio.', 2.56256),
(3, 3, 'Dolores recusandae pariatur fugit corporis qui. Tenetur eum provident et qui dicta culpa perferendis. Doloremque sint error enim itaque. Doloremque magnam molestiae quidem.', 1.9),
(4, 4, 'Non consequatur numquam doloribus magnam sed aperiam. Et impedit perspiciatis fugit dolorem sit et et. Quo eius voluptas repellendus at nesciunt similique laboriosam.', 2.3437),
(5, 5, 'Laudantium facilis aut sunt et. Enim aut aperiam optio consequatur facere facere dolorem. Pariatur beatae aut quas doloribus odit enim sint expedita.', 4.81186),
(6, 6, 'Laboriosam exercitationem sunt rerum repellat. Voluptas unde quae beatae. Id et velit vel aut.', 4),
(7, 7, 'Eos enim in quae quia deleniti. Voluptas et adipisci inventore quam sit. Dolor eius eveniet quo iste adipisci et recusandae quo.', 3.47292),
(8, 8, 'Distinctio repellendus delectus sint vel. Rerum quod dolor odit totam ut consequatur tempore.', 4.83776),
(9, 9, 'Voluptas et repudiandae voluptatem error. Velit mollitia fugit asperiores fugiat minus. Eum sequi magnam recusandae praesentium. Tempora magnam ab quis qui eos.', 2.67),
(10, 10, 'Quo totam omnis sunt ipsum. Ut sed et optio eaque molestias placeat consequatur.', 1.8589),
(11, 11, 'Occaecati doloremque rerum fuga rerum harum occaecati et. Enim earum molestias animi iusto porro. Magnam eius non dolores recusandae voluptas ipsa.', 1.51),
(12, 12, 'Impedit provident pariatur quis non est. Ab est porro repellendus optio atque aut. Velit expedita deserunt est voluptatem ea et. Quis corrupti autem harum voluptatem aut.', 0.252),
(13, 13, 'Ipsam illo dolorem impedit quo praesentium non harum. Dolores enim molestiae et expedita. Molestias est doloremque reiciendis. Voluptatem autem voluptatem et.', 3),
(14, 14, 'Aspernatur perferendis iste pariatur iste tempora. Officia nostrum alias dolores ipsam veritatis odit veniam quia. Unde cumque officiis perferendis sunt error. Quibusdam a qui quia laborum neque velit error.', 3.53024),
(15, 15, 'Iste accusantium voluptatem consequatur fuga. Voluptatem in repudiandae magni fugit nisi. Est cum rerum distinctio quia.', 4.757),
(16, 16, 'Ipsum quam sed consectetur saepe eius placeat dolorum optio. Dolorem autem non cumque. Molestiae necessitatibus esse repellat consequatur perspiciatis. Animi consequatur provident odit praesentium. Eligendi rerum vitae dolorum nesciunt eligendi quos enim.', 3.21733),
(17, 17, 'Sit tenetur cupiditate qui praesentium doloremque commodi perferendis ab. Labore qui voluptatem sed commodi. Molestias rem ab vitae qui qui deleniti.', 0.331865),
(18, 18, 'Voluptatem et earum ipsam aspernatur omnis. Sint totam molestiae facilis molestiae voluptatem sunt quae. Ipsum molestias beatae quasi iusto nulla consequatur odio.', 1.53194),
(19, 19, 'Temporibus inventore consequatur corrupti voluptas minus odio quisquam quasi. Et temporibus ut modi numquam labore ab dicta in. Repellat quasi omnis sunt. At cumque quod soluta perferendis vel eos et explicabo.', 1),
(20, 20, 'Et quisquam exercitationem vero. Quia accusamus optio architecto amet. Rerum voluptatem et provident sequi occaecati aliquam. Laborum impedit ullam ipsam et eos aut unde.', 0),
(21, 21, 'Atque aut sed magnam inventore et doloremque. Quia impedit quo mollitia est rerum. Incidunt reiciendis et voluptas provident et est doloremque.', 0.2),
(22, 22, 'Nisi praesentium est sunt iusto. Qui et sint omnis distinctio. At tenetur rem eum consequatur dolores rem nihil. Beatae explicabo tempora quis qui.', 1.68413),
(23, 23, 'Enim dolores iste qui atque consequuntur. Et consequuntur qui iusto odio nemo dolor. Velit vitae nesciunt autem qui ut blanditiis.', 4.59672),
(24, 24, 'Nihil quibusdam dolorem quisquam eum laboriosam. Quisquam nam rerum autem quidem. Rerum quo commodi molestias sequi. Inventore dicta illo fugiat illo. Repellat ipsam temporibus rerum voluptatem eum nihil.', 3.2431),
(25, 25, 'Qui velit sunt odio sit dolorum. Ducimus sit repellendus nesciunt id nulla. Minus repudiandae autem ipsam doloremque reiciendis ad laudantium repudiandae. Labore sint qui illo nobis possimus ratione.', 0.690355),
(26, 26, 'Laboriosam voluptas exercitationem aliquid rerum aut aut autem quia. Sed et eum et sit cupiditate accusamus corporis quod. Et provident quia voluptas nostrum possimus. Dicta quod molestias voluptates incidunt.', 4.9057),
(27, 27, 'Incidunt velit saepe numquam quaerat. Delectus laudantium omnis et et possimus dolorum. Placeat quod modi ipsum unde perspiciatis nemo omnis.', 2.61087),
(28, 28, 'Dolor nam et repellendus voluptas et. Eum qui laborum id omnis eius. Praesentium distinctio debitis aut alias.', 2.57759),
(29, 29, 'Quibusdam sint at esse quasi iusto id id. Sequi aut sed possimus totam delectus. Deleniti quos deleniti impedit magni.', 4.91263),
(30, 30, 'Assumenda ea officiis atque distinctio sit. Quia ab commodi in dignissimos.', 4.9007),
(31, 31, 'Numquam velit sint atque nihil ut. Voluptas facilis nisi ut vel suscipit. Qui blanditiis ullam delectus est. Id fugiat reiciendis commodi a. Consequatur sapiente et est quo accusamus distinctio.', 1.74464),
(32, 32, 'Saepe iure voluptatem sit. Amet nihil ad in eaque. Voluptate voluptates in et reiciendis eveniet ratione laboriosam unde.', 0.452222),
(33, 33, 'Quisquam enim magnam nihil veritatis illum dolorum omnis. A quasi aliquam eius illo voluptas occaecati. Dolores quia libero labore repellendus et autem accusamus.', 1.4),
(34, 34, 'Voluptatum nulla sint numquam sunt nemo praesentium. Illo officiis sed sit est nobis qui ducimus. Et dolorem iure iusto reiciendis aut provident.', 1.28),
(35, 35, 'Iste fugit cum debitis nemo hic et quia. Incidunt aut sit aut nulla aspernatur cum. Nemo quos dolor consequatur mollitia inventore. Et et impedit non eum et.', 4.9),
(36, 36, 'Vel possimus consectetur cumque iste recusandae quia expedita. Qui quasi fugit explicabo illo omnis. Beatae maiores ipsa non aut iste quia est. Accusantium nam sed rerum sit sunt.', 1.21741),
(37, 37, 'Incidunt sint est sapiente magni voluptatem ullam. Autem est et et in autem ut autem et. Inventore exercitationem delectus aut.', 4.53),
(38, 38, 'Pariatur eveniet eos quia quam corporis excepturi. Eligendi fugiat architecto dolorem quae. Quia itaque laudantium doloribus quasi et non.', 3.9232),
(39, 39, 'Occaecati doloribus omnis dolor praesentium. Ea ut veritatis autem non incidunt. Nesciunt autem voluptatem velit. Omnis commodi perferendis quaerat aut sequi odit aliquid autem.', 3.61947),
(40, 40, 'Natus pariatur et quibusdam earum perferendis quae aliquam placeat. Maiores ullam dicta et nihil consequuntur quibusdam. Deserunt in excepturi voluptas possimus sit saepe.', 4.38141),
(41, 41, 'Et nam molestiae asperiores animi. Id voluptatem et assumenda voluptas reprehenderit. Consequuntur sunt nobis et et illum vel. Vitae mollitia ut doloribus numquam vitae aliquid molestiae.', 0.806),
(42, 42, 'Debitis deserunt repellat ipsam id maxime. Assumenda voluptatem sit sed aut nobis quo. Sed quaerat pariatur cupiditate ut id rem dicta. Omnis similique earum quam nihil quisquam quo.', 3.51),
(43, 43, 'Porro est vitae qui nobis. Dolorem enim dolores placeat quia consequatur voluptates ab commodi. Est dolores consequatur totam ipsum et minus.', 4.2),
(44, 44, 'Eius voluptatum numquam est aliquid. Quidem et delectus accusamus reiciendis ratione optio omnis. Maxime praesentium laudantium alias sed quod aut enim. Eaque dolorem temporibus ut quibusdam delectus beatae illo.', 4.59),
(45, 45, 'Ullam odio et pariatur excepturi eum veritatis dolor. Voluptatem vel rerum in quam qui et vel vel. Sed qui quidem nihil. Eaque minus quas eligendi quia dolor.', 1.4455),
(46, 46, 'Ullam quia alias ut quae sint beatae. Eligendi corrupti commodi molestiae modi. Adipisci nesciunt eos vero consequuntur porro consequatur qui nisi. Possimus qui voluptate sit iure.', 2.92641),
(47, 47, 'Necessitatibus porro inventore corporis voluptatum maxime odio vel. Est quo dignissimos sed dolore.', 3.33),
(48, 48, 'Qui et ratione id voluptates. Quia et aut reprehenderit iusto blanditiis tempora. Eligendi a non eos similique sed enim ut. Aut quibusdam molestiae molestiae in architecto.', 2.91),
(49, 49, 'Doloremque autem ut dolores nam consectetur distinctio. Odit perferendis amet dicta ex est et. Consequuntur quis vero quas excepturi aliquid. Magnam omnis hic eos cum nam non et.', 0.89),
(50, 50, 'Ut similique enim aspernatur quo fugit enim. Reiciendis iusto ut nulla. Voluptate ut corporis nihil ipsa eos. At commodi aut dolorum tempora ut sed qui ut. Quos at enim doloribus earum itaque.', 0.163527),
(51, 51, 'Necessitatibus non fugiat et ut deleniti. Culpa earum nesciunt nihil quaerat hic.', 2.23281),
(52, 52, 'Quia voluptatum delectus qui ipsum. Laudantium fuga ut quidem sunt dolorum. Animi necessitatibus eos unde aut et.', 4.439),
(53, 53, 'Voluptatem nostrum voluptatem beatae pariatur qui. Adipisci laborum animi aperiam. Assumenda quidem accusantium maiores quasi nihil sit.', 1.4),
(54, 54, 'Deserunt nesciunt atque non quidem. Autem nobis est et praesentium deserunt ut ut a. Qui nobis incidunt repellendus assumenda quidem et. Autem laudantium quia ducimus placeat qui omnis accusantium vel.', 1.49355),
(55, 55, 'Qui dignissimos modi debitis et et alias quidem corporis. Officiis iste et aspernatur dicta necessitatibus nobis repellendus. Quia nihil sapiente minus unde dolor corporis velit. Necessitatibus facilis officia et velit et error.', 1.98808),
(56, 56, 'Id doloremque et fuga. Cupiditate omnis veniam et error. Voluptatem aliquam quod non recusandae officiis. Sed quidem nobis impedit reiciendis excepturi ut.', 3.92188),
(57, 57, 'Aut ut qui officia adipisci doloremque quia. Consequatur delectus voluptatem nemo illo. Ratione beatae quis ut.', 0.561466),
(58, 58, 'Libero non cum amet repudiandae rerum. Et nisi id et dolorem et. Praesentium molestiae culpa et nisi. Eius nostrum numquam quam explicabo et facere officiis.', 2.99744),
(59, 59, 'Quae quod eum sit iste aut vel. Voluptates consequatur consequatur quo. Animi quia molestiae eveniet quis saepe consectetur velit.', 2.27763),
(60, 60, 'Quis qui dolorem consequatur. Quam aspernatur commodi unde molestiae aliquid. Quibusdam sit hic cumque. Molestiae nemo sequi tenetur ut natus.', 2.47),
(61, 61, 'Et enim soluta culpa sit consequatur. Ut quo dolor blanditiis et. Est reprehenderit asperiores totam numquam. Omnis rerum quod dolore doloremque consequatur.', 0.931358),
(62, 62, 'Ut dolorem aut sed ea quisquam modi veritatis. Amet qui et culpa consectetur sint. Cum a et laborum ducimus. Aut velit eum et laborum adipisci aliquam explicabo omnis. Impedit veniam eius tenetur nemo tenetur.', 4.9),
(63, 63, 'Sed consequatur deserunt explicabo nostrum aut aliquam. Consequatur modi exercitationem veritatis consequatur nisi. Non quas sit ad. Qui consequatur ut ut dolor dolorum. Sunt ipsum consequuntur dolores iusto earum dolores aspernatur.', 2.38594),
(64, 64, 'Ut quia possimus ullam possimus qui voluptas dignissimos rerum. Qui velit aliquid officia earum quo occaecati alias et. Quasi molestiae consectetur quo eos a quo. Libero quo modi similique molestiae.', 1.81518),
(65, 65, 'Harum dolores quam voluptatem omnis velit placeat. Facilis dicta nobis ut nostrum nemo modi aliquid. Velit explicabo quis qui facere accusantium soluta culpa in. Magnam laborum sit tempore consequuntur sed.', 4.6),
(66, 66, 'Voluptatem dignissimos error omnis architecto eveniet atque facilis. Tenetur nisi qui ullam qui. Laborum qui est totam quam.', 4.32814),
(67, 67, 'Nihil iste eum ducimus delectus. Ex cum reiciendis omnis repellendus eum et autem. Quisquam fuga quidem laboriosam reprehenderit doloremque voluptas. Porro consequuntur beatae nam laborum ab.', 4),
(68, 68, 'Fuga ipsum recusandae officia velit facere rerum. Blanditiis impedit voluptatem alias eius minima et. Odit fugiat earum ad assumenda et et ipsum.', 4.788),
(69, 69, 'Aliquam quibusdam ipsam et id facere quo. Et nulla odio ut deserunt. Aliquam voluptatem qui repellat odio omnis. Excepturi velit dolores consequuntur facere.', 3.4015),
(70, 70, 'Necessitatibus nihil ut qui sit laudantium aut enim. Ut dolores aperiam aut et consequatur dolorem omnis. Nihil aut in dolorem aspernatur sit. Ad consequatur officia alias.', 1),
(71, 71, 'Mollitia quia enim dolore officia facilis. Porro fugiat eum omnis ea. Soluta et amet esse nobis officia quos tempora. Qui numquam molestiae laboriosam ratione quasi ipsa officiis.', 4.4),
(72, 72, 'Fugiat rem a rem est aspernatur corrupti. Minus enim qui voluptas explicabo. Earum ex totam animi non quo praesentium rem. Rerum quia ad debitis est facilis voluptate. Nulla dolor voluptatem iure officiis voluptas reprehenderit velit.', 0.26736),
(73, 73, 'Ea voluptatem voluptas molestias eum. Nam ducimus quia ea illo totam. Ut consequatur molestias quae natus laudantium voluptates.', 4.17137),
(74, 74, 'Vitae beatae temporibus expedita deleniti ab. Libero asperiores aut aspernatur aut. Unde mollitia ullam accusantium iste.', 0.7),
(75, 75, 'Sed in esse aut quibusdam corrupti illo non sint. Atque qui ducimus unde sed sapiente ut. Et et et dolore consequuntur eaque dignissimos provident. Qui omnis corporis aspernatur in.', 0.00835),
(76, 76, 'Nihil vel natus ut quam qui. Molestias fuga magnam ducimus consequatur sit commodi dolor. Amet dolore ab architecto aut. Minima aut sit nemo est et ullam blanditiis.', 1),
(77, 77, 'Incidunt et esse magni molestiae. Doloribus qui necessitatibus excepturi placeat natus. Autem et ea quidem necessitatibus debitis quod.', 3.58),
(78, 78, 'Ut deserunt sunt eos sint veniam est. Et nam atque aliquid voluptas quis. Asperiores quia cum omnis ad magnam non fugit.', 1.452),
(79, 79, 'Commodi soluta est veritatis. Quod tempore dicta non doloremque quia sit omnis. Voluptatem dolor ullam molestias dolorem magni cum.', 1.139),
(80, 80, 'Natus laborum quasi perspiciatis dolores ratione dolorum. Et facere odio qui. Ea et iste occaecati iusto dolorum cum. Laborum esse iusto nesciunt est dicta ut.', 3.57844),
(81, 81, 'Omnis nobis facere et in maxime a mollitia. Aspernatur sed distinctio eligendi ut et. Eos modi modi sit tempore saepe sint id.', 2.3),
(82, 82, 'Sint omnis dicta rerum dicta sunt. Dolorem qui expedita rerum molestiae voluptatem. Molestias harum eos maxime quisquam.', 1.11928),
(83, 83, 'Aliquid rerum reprehenderit laborum rerum reiciendis est recusandae. Alias eaque quisquam rem animi itaque.', 3.06524),
(84, 84, 'Ipsa et magni repellat quasi voluptatibus alias velit enim. Cupiditate cum praesentium repudiandae molestiae eveniet voluptates eligendi. Sunt quod molestiae quis omnis adipisci tempore facere. Id laudantium voluptatem sint et debitis asperiores similique.', 1.486),
(85, 85, 'Ut voluptas consequatur aspernatur laborum. Vitae est magni ipsa veritatis. Veniam rerum rem quia fugit molestiae voluptatem ut.', 3.501),
(86, 86, 'Autem quisquam ipsum veritatis eaque illum nulla facere. Aut ad placeat quis quo. Autem assumenda sed qui sequi. Harum dicta qui eum.', 0.374189),
(87, 87, 'Nisi ut porro maxime aperiam ipsa. Asperiores adipisci quae amet at autem laboriosam dolor. Et ea quaerat autem ad. Ratione veniam et vero nulla reprehenderit necessitatibus omnis. Dolorem alias vitae aspernatur doloremque non commodi explicabo.', 3.96879),
(88, 88, 'Iusto totam incidunt nobis laboriosam consequuntur atque. Eum in ipsa qui ea illo. Optio beatae tempora in at. Quia ad aliquid ad reiciendis velit mollitia.', 0.243057),
(89, 89, 'Maxime velit autem sed sit. Distinctio et quo voluptas veniam rem quod commodi deleniti. Aut minima placeat facere autem quod.', 3.05601),
(90, 90, 'Fugiat et quia consequatur qui. Odio quaerat unde consequuntur qui qui et. Esse debitis hic ut ex.', 4.48056),
(91, 91, 'Libero vel architecto tempora blanditiis debitis reiciendis sint laudantium. Voluptatem ratione temporibus sed expedita. Perferendis repellat hic quis aliquam et laboriosam velit. Facere voluptatem dolore velit et animi debitis magni. Rerum quas animi qui dolore.', 1.07391),
(92, 92, 'Ducimus vitae quisquam animi ea est adipisci doloribus accusamus. Et aperiam odio aut et aut occaecati quia. Quia eum quas sequi enim est libero. Sit quae ut est voluptas maiores distinctio.', 4.3759),
(93, 93, 'Alias explicabo enim et. Harum cum quo earum sunt in non et. Ullam repellendus voluptatem odit aut. Suscipit facilis laboriosam ex est veniam perferendis vel.', 1.66837),
(94, 94, 'Expedita iure non eligendi deserunt qui inventore incidunt. Officia ex id omnis assumenda. Est qui distinctio ut quisquam rerum illo quo eveniet. Tempora facere iure illum ad debitis.', 1),
(95, 95, 'Consequatur ipsum dicta laudantium in tempore quis laborum. Nobis eveniet ipsa accusantium quo officiis quis autem. Libero dolores soluta eum provident. Maxime magni est qui voluptatem quasi tempora. Ut dolorem sit minus ut ipsam commodi qui et.', 2.88412),
(96, 96, 'Quod qui sint vel voluptas. Qui quia iste quidem. Quaerat ut et vitae soluta dicta cupiditate vero.', 2.342),
(97, 97, 'Voluptatem fugiat fuga eum nemo non non similique. Saepe quia odio et molestias qui. Maxime rerum maiores corrupti ex reiciendis non provident.', 4.062),
(98, 98, 'Et quasi quo consequatur dolorem sit est quos. Eius ea tempore dolores laboriosam repellendus.', 4.07875),
(99, 99, 'Neque nam sed vel iure perspiciatis adipisci cum nam. Repudiandae accusamus ex laborum in magnam ab. Voluptatem eos hic perferendis natus. Alias in sunt quibusdam nihil quaerat.', 5),
(100, 100, 'A eos aut alias deleniti dolorem ratione. Explicabo rerum maiores dolore cumque. Vel qui minima nostrum incidunt et. Qui impedit quia consequatur asperiores perferendis.', 3.86651),
(101, 101, 'Assumenda provident amet placeat sit velit. Perferendis accusantium sit dolores minima tempore. Accusamus dolorem dolorem deserunt perferendis culpa. Sint assumenda hic consectetur quis libero laborum voluptas id. Maxime aut et illum.', 2.84179),
(102, 102, 'Ut qui beatae et nulla error. Consequuntur ad est et similique accusantium. Debitis ut officiis tempore odit nisi quis dolore.', 3.8025),
(103, 103, 'Ad nisi labore aperiam tempore sit. Nemo quis nesciunt quia quaerat. Dolorum in non natus in neque dolore.', 1.2),
(104, 104, 'Aperiam aliquid molestiae neque repellat libero ut distinctio. Et magni incidunt optio accusantium. Quo est suscipit magni culpa non est aspernatur. Veritatis asperiores neque maiores ullam possimus. Facere dolorem consequuntur recusandae.', 1.00806),
(105, 105, 'Est temporibus ut veritatis aut ullam exercitationem. Facere sit minus assumenda non alias autem voluptatem qui. Iste sint quam eos accusamus.', 1.998),
(106, 106, 'Et aut et placeat neque possimus magni. Dolores rerum inventore incidunt sequi ut molestiae aut. Eos hic debitis ut fugit aperiam distinctio excepturi reiciendis.', 3.77084),
(107, 107, 'Sit est consectetur officiis molestiae placeat. Recusandae reiciendis aspernatur sed eveniet modi ipsa. Unde et quia aliquam eaque ducimus velit.', 2.03632),
(108, 108, 'Provident voluptatem est beatae. Est et a expedita odit. Accusamus animi ipsam qui et beatae ad. Aut quam mollitia adipisci aut qui nisi.', 1),
(109, 109, 'Incidunt non praesentium veniam consequatur. Tempore ducimus atque labore quis. Et facilis aut alias sit debitis.', 0.220993),
(110, 110, 'Vel neque repellendus quia voluptates. Porro perferendis officia consequatur. Rerum et et dignissimos voluptas est. Error fugit quisquam necessitatibus a quam dolor facere. Eaque labore voluptatem et iste.', 1.604),
(111, 111, 'Suscipit voluptates saepe non asperiores nesciunt consequuntur. Eligendi rerum corrupti architecto sit non molestiae dolor. Molestiae ipsum sunt voluptatibus consequatur et ad.', 1.5),
(112, 112, 'Rem quo in aspernatur cumque qui. Possimus doloribus ipsam esse vitae inventore. Perferendis et omnis laborum a eos repellat.', 1),
(113, 113, 'Quam sed quis labore magnam occaecati. Reiciendis consequatur mollitia quod non ea iusto. Veritatis qui velit necessitatibus saepe. Enim facere provident reprehenderit et omnis doloribus pariatur consequatur.', 2.49348),
(114, 114, 'Autem dolorem voluptate voluptatem autem ex non. Iure excepturi iusto occaecati doloremque. Omnis aperiam aliquam consequatur et impedit et.', 2.361),
(115, 115, 'Voluptates quia laudantium deserunt possimus ut eveniet ea aperiam. Sequi repellendus voluptatem vero asperiores natus. Qui dicta nihil pariatur dolor. Dolorem et adipisci aspernatur fugiat aut est.', 4),
(116, 116, 'Distinctio ut quia ut vero suscipit. At rerum velit corrupti et in. Et quos saepe omnis tempora. Similique dolorem maiores molestias ex.', 3.31644),
(117, 117, 'Occaecati rerum voluptas dolorum dicta asperiores vel incidunt. Omnis quod voluptatem dicta. Aut dolores excepturi deserunt omnis omnis aut delectus debitis. Minus provident ea voluptatem dolor et nulla incidunt labore.', 3.5141),
(118, 118, 'Illum delectus consequuntur quis facilis sed pariatur. Non qui ut dolorem voluptatum occaecati aspernatur voluptates dolor. Dolor consectetur cupiditate necessitatibus aut recusandae.', 0.539498),
(119, 119, 'Sed omnis et libero tempora accusamus. Ut ex laudantium nemo nam. Cupiditate fugiat nam temporibus corporis consectetur fuga. Sed at explicabo praesentium repellat exercitationem.', 1.66),
(120, 120, 'Voluptates doloremque pariatur accusantium quam ipsa laborum rerum dolorem. Nobis blanditiis eius laborum alias explicabo qui mollitia. Praesentium et perspiciatis error sit saepe.', 2.6054),
(121, 121, 'Maiores ut quibusdam saepe vel tempora. Aut voluptas et unde expedita aut. Consequatur commodi ea et tenetur qui. Ducimus qui quo quia sed est consectetur ut.', 3.4),
(122, 122, 'Aut voluptatum mollitia corporis sunt. Et perferendis nesciunt aut et et sed. Deserunt qui voluptas et et.', 4.7894),
(123, 123, 'Ut ea dolorum quis et voluptatem. Fuga aut non repudiandae nesciunt ipsum omnis placeat. Ipsa consequatur voluptates atque quia. Unde at aut et rerum. Nemo ab consequatur quia delectus sint ea exercitationem.', 2),
(124, 124, 'Voluptas amet ipsa sunt dolorem aliquid quod. Est quidem accusamus odio qui. Ea aut aut voluptatibus praesentium. Cum sint qui quos quia et vero. Explicabo placeat nisi eaque illo praesentium.', 1.9),
(125, 125, 'Et et rerum vel aperiam. Aut quaerat quos est recusandae explicabo quia. Dolor tempore incidunt veritatis cum nihil quo. Adipisci rerum omnis error quae non eos harum.', 0),
(126, 126, 'Labore dolores et quo alias eum tempore. Quo tenetur quis nulla repellat quibusdam. Est temporibus aperiam quae et.', 2.2535),
(127, 127, 'Quas maiores non fuga iusto hic. Quo placeat harum aspernatur culpa. Dignissimos explicabo rem quis. Aut voluptas eos reiciendis aut voluptatem tenetur facilis.', 1.4),
(128, 128, 'Eum voluptas iste cum repellat dolor dolores. Unde inventore natus eos. Doloribus omnis nemo qui quidem enim quas ut. Quos ut alias ut sed.', 0),
(129, 129, 'Minus eaque dolorum illum ad. Dolorum commodi a et rem et debitis eveniet. Ut dignissimos qui aut aut enim et et.', 0.907),
(130, 130, 'Maxime amet dignissimos vero officiis. Laudantium non eos repellendus molestias. Qui impedit et explicabo mollitia fugiat autem eligendi.', 4.86445),
(131, 131, 'Suscipit hic voluptate quia doloremque dolorum enim. Consequatur in molestias eum aspernatur repellat nemo. Et aliquid aut qui eos quae. Commodi molestiae modi harum quis vel.', 1.58877),
(132, 132, 'Vitae debitis quibusdam quia et natus omnis. Adipisci qui illo mollitia molestias ut. Praesentium saepe nam placeat repellendus aliquam qui officiis dolorem. Laborum quia dolores hic voluptas a illo aut.', 2.6678),
(133, 133, 'Suscipit ullam facilis tempora aut nihil. Voluptate beatae illum tempora. Est quasi eius saepe id maiores rem officia. Et et placeat et atque.', 2.7204),
(134, 134, 'At totam ut et quia officiis quia corrupti. Placeat voluptatem consequatur maiores libero necessitatibus. Et sunt officiis provident occaecati. Sapiente earum voluptatem distinctio animi magni atque.', 1.83863),
(135, 135, 'Quia sequi necessitatibus quae eos consequatur harum aliquam. Dolores vero voluptas sapiente mollitia repellendus ipsam et iusto. Est dignissimos dolore expedita ea ut quae.', 2.5),
(136, 136, 'Nam qui natus optio numquam sit odio neque. Voluptatem voluptatem quis quibusdam officia deleniti. Neque omnis perspiciatis dolor et. Temporibus et ratione quia asperiores.', 0.284214),
(137, 137, 'Aperiam a et aut deleniti. Illum aut sit dolores vitae itaque porro. Aut in dolore quia sit et sed deserunt.', 0.2985),
(138, 138, 'Praesentium voluptatum et veniam illum iste. Accusantium consequatur voluptates quos est ut officiis veritatis. Laborum molestiae quaerat dolores neque quasi dolorem.', 3),
(139, 139, 'Sint quis perspiciatis vitae impedit. Placeat reprehenderit voluptates ut sint. Cum et corporis consequatur et a.', 2.233),
(140, 140, 'Doloremque perspiciatis consequuntur maxime veniam aut enim cum. Ratione non eius animi eos quia nisi iure enim. Consequuntur occaecati et exercitationem est. Quos consequatur qui qui eius vitae.', 3.80247),
(141, 141, 'Ab quidem a non architecto consequatur maiores tempora. Ut illum id provident. Animi id quaerat laudantium tempore.', 0.6695),
(142, 142, 'Pariatur illo amet provident qui. Quaerat pariatur rem ea alias voluptatem omnis. Debitis est velit aliquam et. Commodi ut corrupti magnam et.', 3.82358),
(143, 143, 'Assumenda mollitia voluptatem dolorem eaque dolor sequi. Numquam quis est cupiditate quia eum perspiciatis voluptates. Tempora doloribus sit sed voluptatem. Quia ea veritatis excepturi expedita qui id. Ex veniam quia asperiores.', 3),
(144, 144, 'Eos recusandae corrupti aut repellat. Tempora ea ut sed qui aut. Optio laborum aut quo.', 4.3),
(145, 145, 'Quo tempore veritatis aliquid porro eos fuga. Magnam non molestiae non officia voluptas. Odio dolor ea consectetur nihil nihil consectetur enim.', 4.6),
(146, 146, 'Ut est qui ea sunt. Suscipit ullam et at odit. Sit beatae nihil eaque eum. In quasi quibusdam veritatis sit.', 2.8794),
(147, 147, 'Porro quis debitis similique necessitatibus aliquam praesentium. Molestias nisi officiis voluptates et velit. Veritatis at et saepe sit et mollitia. Culpa quae tempore quia dicta.', 4.44738),
(148, 148, 'Consequuntur dolorum omnis doloribus et optio. In incidunt quasi odio possimus accusamus. Culpa recusandae sed quia omnis itaque voluptatem. In perspiciatis eum a consequatur provident.', 0.94),
(149, 149, 'Officiis iusto est ipsam accusamus excepturi animi sit exercitationem. Quod ut sit possimus nostrum culpa. Repellat ullam placeat suscipit impedit distinctio aut quam culpa. Temporibus et iusto facere libero similique itaque.', 4.081),
(150, 150, 'Alias sint minima non. Non voluptas rerum veritatis et. Sunt et nobis consequuntur iure at.', 5);

-- --------------------------------------------------------

--
-- Table structure for table `user`
--

CREATE TABLE `user` (
  `ID` int(50) NOT NULL,
  `username` varchar(50) NOT NULL,
  `password` varchar(255) NOT NULL,
  `name` varchar(50) NOT NULL,
  `email` varchar(50) DEFAULT NULL,
  `address` varchar(50) DEFAULT NULL,
  `phone` varchar(12) DEFAULT NULL,
  `profile_picture` varchar(50) DEFAULT NULL
) ENGINE=InnoDB DEFAULT CHARSET=latin1;

--
-- Dumping data for table `user`
--

INSERT INTO `user` (`ID`, `username`, `password`, `name`, `email`, `address`, `phone`, `profile_picture`) VALUES
(1, 'wildansupernova', '$2y$10$OpD4n7h04Hv.XxuXz5EiuelAZWK3r7htrop8LMYokTxejjIQSnIC2', 'wildan', 'alnataraw@gmail.com', 'bangbayang', '081513958457', 'wildansupernova'),
(2, 'baron44', '7f367ac5ef7bea9a6b8577b5469cdb7cdb23ca59', 'Margaret Hammes', 'rrunte@example.org', '53876 Kali Stravenue\nKohlertown, KY 82105', '04752419203', NULL),
(3, 'stehr.lauren', '745295a7679ab6f2010a07a3ea3ecf7f2edd6e09', 'Dr. Charlotte Collins', 'sabrina.fisher@example.com', '82572 Ari Shoals Suite 973\nNorth Virgil, HI 79007-', '282.901.7403', NULL),
(4, 'noemie92', '34eec0d479a99c19448f8f7af46f913e9a0e45c2', 'Adrain Kozey', 'aida89@example.org', '261 Jaunita Locks\nNienowshire, AZ 81967', '+62(3)907108', NULL),
(5, 'faye.lebsack', 'a40c0a2576123c32580555de53133bdb7eb39d77', 'Ms. Santina Casper PhD', 'louvenia.moen@example.org', '762 Caesar Mountains\nWest Nannie, OH 90081-1671', '+71(0)210099', NULL),
(6, 'kaleb51', 'c6a0a0b240348679acac2c5e437964f1d3e35255', 'Ms. Calista Wilkinson V', 'gnolan@example.org', '0263 Bruen Port Apt. 415\nPurdyhaven, KS 29236-3763', '+52(6)566048', NULL),
(7, 'wweber', 'df162bae1ca03e5017138f3a5924731e70e4a937', 'Prof. Kaden Kuhlman II', 'kunze.alexandria@example.net', '789 Geovanny Brooks\nWest Catalina, WY 55073-1823', '03746427484', NULL),
(8, 'xmurphy', '4adf766eaf1a3df11a10726a30c3b727778dfc23', 'Otha Wilderman', 'neoma.bailey@example.net', '49781 Reichert Ranch Suite 004\nPort Aidanmouth, NE', '+33(6)450692', NULL),
(9, 'wendy12', 'e80fdbbceef088779183b2bb50fbfb6c2c339f42', 'Martina Watsica', 'diamond49@example.org', '31292 Hayes Lane Apt. 319\nNorth Elnamouth, WY 1701', '+21(1)715256', NULL),
(10, 'schneider.kadin', '335c52d0e9ca7d574ef05536a9b651d37503e5df', 'Clotilde Berge', 'hal45@example.net', '021 Priscilla Inlet\nWalkerfurt, TN 86723', '(926)552-347', NULL),
(11, 'abigayle11', 'a9d06a64e42f585bdb68c14047683cd95cb4e51a', 'Mr. Tre Littel DVM', 'thiel.alysa@example.net', '8763 Shanahan Stravenue Suite 927\nRogahntown, DC 5', '06259743427', NULL),
(12, 'cristina82', '2da89953b33badd79595eab0311ab17bbcf8eddb', 'Ayana Gulgowski', 'roberta.gutkowski@example.org', '626 Bailey Walks\nNorth Ellsworth, NV 21394-9340', '695-843-5994', NULL),
(13, 'ricardo61', '83bcc95850b55b313b3b5c09174af09646b47f51', 'Nikko Schimmel', 'tyshawn.schuppe@example.net', '150 Morissette Springs Apt. 598\nLehnertown, WA 764', '948.746.6814', NULL),
(14, 'abergnaum', '8eb053e9da1448c7af201185e73b44a9e472a94e', 'Bettie Bode', 'maxime.runolfsdottir@example.org', '24106 Leonor Canyon\nNew Ezequieltown, AZ 65111', '(090)969-622', NULL),
(15, 'pcremin', '589316cf8dcd393a37833c393c798fb74e2450b0', 'Sydni Ebert', 'dashawn.buckridge@example.com', '5821 Schaefer Crest\nEast Quincybury, KS 09566', '562.611.8802', NULL),
(16, 'bergnaum.allison', '5df432971d72b38de98aef1152f7cf85f244e8a0', 'Prof. Nigel Weimann', 'jordon03@example.net', '230 Christiansen Place\nNew Gabriella, CO 61605', '139-995-2436', NULL),
(17, 'roel04', 'be0a6a0b5f0f9c97e5e7ebfddbd0ba4e253beb09', 'Prof. Donnell Bernier II', 'brent91@example.org', '43776 Runte Tunnel\nCarrollmouth, OK 48001', '783.326.5319', NULL),
(18, 'gail10', '1bcc26e4733db61a519ae7575ac99a81cb9a6514', 'Mrs. Candace Feil Jr.', 'okey.bernier@example.com', '1134 Broderick Mills Suite 686\nAbigaylehaven, OR 4', '(107)157-914', NULL),
(19, 'bettie21', '7b00d58b033f2efdd26a7dcab80174113d54dc4a', 'Ophelia Fadel', 'sabryna.leffler@example.org', '538 Kshlerin Creek Suite 280\nMarquisebury, FL 6287', '327-016-1588', NULL),
(20, 'chasity93', 'eca352bdca7eb4511581920ea884bce5e7fbe336', 'Yvonne Hoppe', 'jaskolski.ericka@example.net', '718 Kertzmann Springs Suite 863\nBednarland, DC 248', '+96(5)311362', NULL),
(21, 'fstehr', 'cb5cc9487ae0cddfe83f4a48cb933d4ae9988215', 'Dr. Johnathan Rohan IV', 'lucie.prosacco@example.com', '503 Elvie Spring\nRainaberg, LA 70310', '+26(2)840720', NULL),
(22, 'spinka.alia', '0aac7918fde9fd549594fe11dd3e32c5d46149cd', 'Michaela White', 'goyette.leone@example.org', '73900 Micah Isle\nFraneckiborough, OK 77590', '178.124.4849', NULL),
(23, 'leo.jerde', 'aa985784190456a84738a5f5de6dd060c12d22f5', 'Victoria Cormier', 'hackett.justyn@example.com', '17270 Amalia Creek Suite 717\nBrettton, WI 21404', '(282)071-339', NULL),
(24, 'schimmel.juanita', '2bfde8db8401edd0bdd9c9c5ade6254afa2e93ea', 'Maxine Crona II', 'alisha85@example.org', '252 Cornelius Square Apt. 646\nPaulachester, AL 920', '326.007.6886', NULL),
(25, 'lkilback', 'e524b711ac584bb9b98e702e9d3be1921e6ed8f2', 'Kiara Koss', 'oleta99@example.com', '0357 Lindgren Viaduct\nDaughertyfurt, KY 14563', '+23(5)351575', NULL),
(26, 'harvey98', '74eec7c1ae371547686db6669678320d44abacee', 'Kaleb Quigley', 'anderson36@example.org', '17520 Dickens Turnpike\nEldridgeland, GA 36448', '1-777-942-09', NULL),
(27, 'ivy06', '6c6d2f9e51d694310f8c4f34359acaae9b4f7ed5', 'Hope Littel', 'zstracke@example.com', '56207 Hane Street\nCrooksbury, TX 65673', '1-799-852-12', NULL),
(28, 'nikolaus.merle', '43f7ebec6ef1ecacd9449445de5e08ff7fbc647e', 'Jasen Hamill Jr.', 'zack68@example.net', '27093 Carolyn Flats\nSouth Tatyanaland, ID 98941', '(849)445-267', NULL),
(29, 'adele.adams', '1863aa04058d30f6a98f9bf585f11afd27b7bd8f', 'Junior Hoppe', 'norris51@example.net', '4240 Garrett Pine Apt. 933\nNew Olga, CA 93297', '737-070-2030', NULL),
(30, 'stoltenberg.gladyce', 'f23a35ac6870aadc5719ebe1ae542dfc3a1051b4', 'Agustin Littel', 'christopher.conroy@example.com', '69621 Ankunding Center\nEast Irwin, AL 80120', '05766733942', NULL),
(31, 'ythompson', '9e3343f7071a80ba763a17df641e3e43402cb1f7', 'Devon Hamill IV', 'osbaldo61@example.net', '19770 Arianna Trafficway\nLake Mandy, ID 50917-9779', '1-660-775-23', NULL),
(32, 'd\'amore.leonardo', '39e366ccd2c83ebd6265bf8b1d84c3d8d5eb180a', 'Camryn Eichmann MD', 'smith.kaia@example.com', '02124 Ransom Lights\nMedaton, OR 60828', '02481739072', NULL),
(33, 'marty.boyle', 'a4741a80e342abefdb4d244f792247ba001e075d', 'Eloisa Von', 'corene.mcglynn@example.com', '825 Rosenbaum Via Apt. 531\nRaynorfurt, NJ 09365', '209.385.9273', NULL),
(34, 'golda84', 'e29410269c6c0e6cd92fabb0b109298be6ea02b1', 'Shaina Schneider', 'robyn04@example.org', '0070 Hintz Fords Apt. 148\nLucioshire, OH 53317', '262.403.1288', NULL),
(35, 'jolie29', 'fc1745c85582150cd87d7414df1a4946310401fd', 'Jaunita Hessel', 'wilkinson.cheyanne@example.net', '07859 Mollie Route\nGarettborough, AK 57867-6003', '783.664.2436', NULL),
(36, 'mertie.trantow', '32e8de77e352a62c01f598629ec43d23a7b7bd06', 'Ruthie Kessler', 'delphine.strosin@example.com', '5825 Cristina Harbor Apt. 837\nConnshire, NE 43223-', '(726)630-353', NULL),
(37, 'mckayla47', '6d99f1874550bee40406be97f96fd9b88dcd7525', 'Griffin Cormier', 'gerda.fritsch@example.org', '974 Dicki Loaf Apt. 285\nSouth Jaylonton, OH 53822-', '02483854056', NULL),
(38, 'cormier.sadye', '8ab909abf35c31517c044219c74bb5b5a978409e', 'Ben Sipes', 'reynolds.scottie@example.org', '143 Ritchie Hollow\nEldredbury, MN 28333', '(149)175-582', NULL),
(39, 'eugene.murray', 'ac9400fa8022533b5f1d89f2ae3c7952a631ca59', 'Prof. Rogers McLaughlin Sr.', 'claire.brekke@example.net', '575 Grimes Gateway Suite 987\nTaureanhaven, MO 8282', '550.780.2237', NULL),
(40, 'hauck.rosalee', '891916c9c718e1ce0610f3bda16aaf08ff9fbe0a', 'Vaughn Kuphal', 'mills.golden@example.org', '56517 Oscar Squares\nSouth Gregory, MA 25611-3307', '1-535-048-14', NULL),
(41, 'xtreutel', '9591e7f55d7469c1540198b35e06117cef81ba61', 'Ms. Oceane Farrell III', 'casimir68@example.org', '56570 Madisen Landing\nRashadborough, SC 70899-2384', '(857)332-411', NULL),
(42, 'reginald.o\'reilly', '38fab0a656190a38a8481144e803d192cf9e5f6e', 'Amari Pollich', 'kamryn73@example.org', '944 Louvenia Creek\nKeonburgh, OK 21219-3963', '(190)602-994', NULL),
(43, 'katrina17', '5ea9c3b4931dbb9dd711d1c2b8c3009386ce05cb', 'Judd Heaney', 'malinda35@example.org', '979 Okuneva Avenue\nNorth Felipa, CT 63792', '1-693-838-08', NULL),
(44, 'homenick.shanna', '9a0416d8d30cca754c980710612052d32169dddc', 'Reyna Nicolas', 'silas03@example.net', '312 Brenda Knoll\nUptonfort, WI 90158-8150', '846-651-7448', NULL),
(45, 'ekiehn', '0bf7d614d94f741a99334895a6d94f167f2f794a', 'Abel Williamson', 'austin.pollich@example.org', '553 Ullrich Garden Apt. 222\nChristopland, MN 21822', '05589428479', NULL),
(46, 'cayla57', 'ee441a27cc73099610bbb3bc85f4ab7191b08820', 'Vaughn Graham', 'amya.dach@example.org', '178 Brain Stravenue\nLake Roelview, ND 11652', '504-721-7957', NULL),
(47, 'ibrekke', '745b81f859a8d1764fc3a4f032c3671596e4b4d2', 'Damian Grimes', 'arnold.herzog@example.net', '0346 Lind Inlet Apt. 537\nClemmieburgh, NJ 90759', '1-676-571-07', NULL),
(48, 'virginie.schinner', '4e72b9a3fe9ae01bf04e49deaae680a06e6f3ca7', 'Dimitri Muller', 'ova.huels@example.net', '0067 Deron Camp Apt. 785\nLake Kassandramouth, ME 9', '+45(9)900909', NULL),
(49, 'zgusikowski', '4abbd1ead49ccde75aaf14adaef5d307b3f01dca', 'Marjolaine Wiegand II', 'kmarvin@example.org', '94559 Johnson Common Suite 472\nNew Madysonborough,', '801.797.3999', NULL),
(50, 'malachi.prohaska', 'e0a723867cbd7bf1bb18a89cbb76b1b44a706c2f', 'Mr. Otho Franecki', 'haley57@example.net', '54643 Ellis Island Apt. 765\nPaulafort, MO 81693-99', '1-870-358-73', NULL),
(51, 'sonia.cormier', '93805d4cee13ff6393c5c1b81d6fda32d813dba7', 'Prof. Hubert Cartwright DVM', 'amya.mosciski@example.com', '77590 Daniel Circles Suite 938\nLake Lesly, RI 9203', '130-943-4799', NULL),
(52, 'jvolkman', '09a9e12f3b3303bf66d822a6ba2d52306f2ef4c1', 'Ms. Dolores Flatley Sr.', 'grant.miles@example.com', '60707 Valentin Trafficway\nAiyanafort, MO 22442-243', '+42(7)100068', NULL),
(53, 'gordon.boyle', 'cf957834cf2f2a356dfb924add58a218b759d6ea', 'Ervin Mohr', 'ubradtke@example.com', '1753 Nicola Prairie Apt. 727\nPort Christaburgh, ND', '+52(8)975094', NULL),
(54, 'rahsaan.maggio', '65d6955f1183d138ab1062fd5f1d097a19e56669', 'Elmore Marks', 'ghuel@example.com', '662 Rowe Viaduct Apt. 077\nNorth Kaleighbury, NM 67', '(313)805-553', NULL),
(55, 'kyleigh.pagac', '63173ebedee1e2f7fdd0b33e7c08589f17cccc64', 'Dr. Gust Okuneva', 'kuhn.mohammad@example.net', '199 Kovacek Pike Suite 244\nWest Josianeton, IN 380', '05334422446', NULL),
(56, 'shany.orn', '7ee343094568eb37b065876007dad1d44540dcb5', 'Emmanuel Reichert', 'terrell.erdman@example.org', '5289 Kilback Glen\nNew Timothy, TX 36717', '(674)403-068', NULL),
(57, 'hkilback', '624b61aab03211ab84e7048460eb8e9832dd2ec1', 'Miss Anna Breitenberg', 'abbott.velda@example.net', '16328 Bergstrom Extension Apt. 578\nSharonton, IA 2', '07336283826', NULL),
(58, 'rhett.halvorson', '0167801a58f82bde130d2e4f1d0c8678b41fe7e3', 'Prof. Kaden Larson PhD', 'selina.shanahan@example.net', '27114 Modesta Club\nNorth Candido, HI 22404-2401', '614.767.9906', NULL),
(59, 'angela89', 'c0fc3a483dcb40697d72cd457c504185e046664c', 'Katrina Heathcote', 'kristy01@example.org', '66337 Zulauf Mountains\nBartellport, TX 33191-1525', '+26(5)457814', NULL),
(60, 'mharber', 'a7576efcea36f6c3db6810e9e4888bbd2c33f6ed', 'Vicente Emard', 'monte.mcclure@example.org', '380 Macejkovic Expressway Suite 954\nSchowalterview', '1-398-272-93', NULL),
(61, 'xbahringer', '02d98b76bf1655495449967c339405572204173f', 'Justina Shanahan', 'dameon01@example.net', '222 Jarret Greens\nPerryhaven, FL 86868-8046', '(405)270-159', NULL),
(62, 'ahickle', '7ebe4c91a2f176eaf6d2a829199cc845861d8a3e', 'Cordie Schmeler I', 'pfannerstill.lamar@example.net', '873 Marvin Shoal Suite 282\nDomenicoville, LA 00590', '896-972-4697', NULL),
(63, 'quitzon.torrey', '0f111be6aa28bec0c893e220c4a622b466d98bb4', 'Mr. Howard Klocko', 'blittle@example.net', '4466 Bernhard Alley\nEast Joaquintown, AK 70625-736', '(215)934-357', NULL),
(64, 'erdman.mohamed', 'd24421630c3da0df072ba51d1bb545df9cfaed70', 'Rosie Thompson V', 'pfranecki@example.net', '056 Ottis Union\nNew Ronland, ND 66610', '407-307-3448', NULL),
(65, 'boyer.abel', 'db998dde7df05c013e9fabddbc709e660103d9f0', 'Jay Ortiz Jr.', 'mitchell.camren@example.com', '448 Kessler Ridge\nWest Tadborough, NH 27557-3366', '630.419.8218', NULL),
(66, 'agustin.jast', '6eab409404e7fa8e2ef1f46fcdec71a2bf2f2296', 'Dr. Graham Wolf DVM', 'stan.schmeler@example.org', '92557 Fay Circles\nTaniabury, NY 12592-7068', '481-675-0948', NULL),
(67, 'lelah.crist', '93224b8de1d530caf4e6de9a6eb481f792deb913', 'Mckenna Lubowitz', 'polly62@example.com', '35460 Towne Forks\nLake Furman, GA 47484', '(552)985-858', NULL),
(68, 'miguel77', '902408fc3a56411a4c589261922b3570c07b16a5', 'Eugene Kling', 'hconn@example.org', '0476 Konopelski Mount\nMcLaughlinfort, IA 33772', '847.290.9907', NULL),
(69, 'heller.reed', 'f46c5cb17179ed7881c96d1350412748480f4a6f', 'Cale Cole', 'bbreitenberg@example.org', '1885 Alyce Ville\nNorth Ramon, MI 15391-6883', '(850)549-793', NULL),
(70, 'kwiegand', '54367fa75e6c66247472afe49fec57a57d72b913', 'Ivy Mills', 'percy24@example.org', '01809 Kimberly Heights Apt. 035\nSouth Nickmouth, H', '435-646-7179', NULL),
(71, 'tanner47', '4a37267800cfd6ee8823979be866ed02d64261e1', 'Brice Barrows', 'lerdman@example.com', '7753 Hahn Drive Apt. 460\nEast Summerburgh, DE 2666', '205-377-0083', NULL),
(72, 'ltremblay', '93d50a655a21f8a0e0d535e0292771eaa7fb4754', 'Charley Schumm', 'noah69@example.com', '984 Blake Light\nEast Daphneyberg, VA 52796', '431.283.0782', NULL),
(73, 'elwyn.dicki', '815a04c5568707808dc6c62d4270f6193fa0857e', 'Pete Paucek', 'jaycee.schimmel@example.net', '074 Dorris Spur\nAronfort, MT 01110-7204', '1-674-956-22', NULL),
(74, 'reta24', '686a1e248d2e58142367ced8809ec9a90cf89230', 'Eusebio Kovacek', 'lambert35@example.com', '052 Hahn Shore\nNorth Isom, DE 01818', '+09(8)572643', NULL),
(75, 'collier.myrtle', 'fe6e65fe346db499e3015f558311f7db97d8406b', 'Freida Mills', 'maudie60@example.com', '795 Marquardt Place\nNorth Blairshire, MT 41477', '09402112259', NULL),
(76, 'kasey19', 'cdecaae7a6dabf1e93b5cf813b94df6824bb3a3e', 'Mr. Jorge Conroy Jr.', 'katelyn64@example.com', '1879 Alessia Tunnel\nLake Maye, AR 47050', '632-194-3523', NULL),
(77, 'nicola10', 'cce55198e1713203cb8e897b0b60833c295b26ff', 'Dustin Konopelski', 'amueller@example.net', '8963 Makenna Key Apt. 510\nDewaynefurt, MD 79445', '796.737.9070', NULL),
(78, 'pmetz', 'b53e01449db400d74e0564ba25be95f2f4ecd0d8', 'Mr. Anastacio Christiansen', 'brady14@example.net', '4312 Gaylord Parks\nAlexandriashire, TN 52509-0405', '546-398-6325', NULL),
(79, 'bulah87', 'aff2877f298ba6fef9164676f524c13838fd5692', 'Nova Thiel', 'donna38@example.com', '59649 Kessler Drives\nNorth Teaganbury, OH 28193', '(614)990-984', NULL),
(80, 'hayes.sophia', '7a65e1c8c9aba6d3d4a940436d3ef77764153440', 'Cesar Roberts', 'austen.walsh@example.org', '9301 Casimer Mission\nBlocktown, GA 11350', '458-131-1632', NULL),
(81, 'king.sydnee', '229b2a1d862faf7bdce82cc2788bdfa145201d29', 'Bertrand Flatley', 'opal46@example.net', '742 Julio Falls Apt. 377\nEast Reginald, KY 96529-4', '308.036.3875', NULL),
(82, 'tevin.koepp', '92c0246eb8cc15b493757750aaec89d3b636ffdd', 'Rosamond Konopelski', 'hagenes.mollie@example.com', '84763 Aubrey Cliff Apt. 233\nClaudton, ME 13387', '536-544-6690', NULL),
(83, 'eschiller', 'd5f241cd0b58b424ef304a75ca48654b668f9f9a', 'Chester Gutmann', 'kub.felix@example.org', '63334 Leannon Prairie\nSavanahfurt, CT 61179-5583', '308.070.8256', NULL),
(84, 'natalia.moore', 'a98a54a5437e8d3f6ddead7858f898450f22f265', 'Eric Harris', 'lheidenreich@example.net', '3634 Kling Valley\nNew Brooke, GA 07737', '234.686.2845', NULL),
(85, 'opaucek', 'e98fe2b8f233237270252e5c4bb8a93d52ce0f4e', 'Devan Farrell', 'cernser@example.net', '1444 Fabiola Rue Suite 073\nDomenicstad, MS 18450-8', '890-511-9445', NULL),
(86, 'amanda.boyle', 'fbbd6a69e06124ccd6548193628eca20b58a4cda', 'Tara Von', 'rogahn.magdalen@example.net', '609 Bogisich Pine\nNew Carter, OH 95403', '1-943-107-94', NULL),
(87, 'janelle66', 'b49e7ef5599a03b8d695cf0b768ba69fa54f1955', 'Eriberto Howell', 'reynolds.cleo@example.com', '8325 Dolores Canyon Apt. 257\nPeytonfurt, NE 40997-', '186.477.3756', NULL),
(88, 'gutkowski.abbigail', '74a72a3dd5936cf8c61ec2bdadf1ba0f4bafc814', 'Jessy Wintheiser', 'liliana.schmitt@example.org', '16049 Raynor Gateway\nPort Jonberg, MN 62921', '(339)197-939', NULL),
(89, 'evonrueden', '2902a732e695d3b300b4bfdb2a247b71ed4b3f65', 'Prof. Kaia Kuhic I', 'taya56@example.com', '07622 Fausto Camp\nNew Lilly, RI 45461-3136', '1-087-535-32', NULL),
(90, 'dorothy33', '21dd1c1f0956b4a3f4f46ea426aa5eff908e6ce6', 'Lavonne Mayer DVM', 'srolfson@example.org', '74010 Carolyn Spur\nFabiolaport, TX 05916', '074-670-3509', NULL),
(91, 'jerad72', '26d6b66abf3b04616bde5a4659895224dc0942ad', 'Herbert VonRueden', 'russell11@example.com', '1725 Brady Road Apt. 256\nPort Ava, MD 50259-9279', '788.307.5780', NULL),
(92, 'botsford.meredith', '87270ca236ef73b85c8ac6e26e30e99dd4cf9e85', 'Alycia Terry', 'rodolfo.barton@example.com', '190 Bins Locks\nMetaberg, DC 48174-7276', '566.424.0651', NULL),
(93, 'crooks.henderson', '480a719ff7c7410ecd8eb2f60faff877db42384b', 'Petra VonRueden I', 'jillian60@example.org', '27267 Satterfield Avenue\nWest Lexusmouth, SD 06025', '277-581-9579', NULL),
(94, 'grover.roberts', 'ecb69a4899923894924abf9adea046574ed441dd', 'Prof. Toney Conn DDS', 'utowne@example.com', '657 Manley Course Suite 876\nLaruemouth, WY 48161', '07008704720', NULL),
(95, 'boyer.gerardo', '716b6f89b609b1956d90e6baef59b598aada34f0', 'Keyon Paucek', 'caterina.mann@example.org', '3487 Hane Fields Apt. 837\nVivianefurt, MA 48898', '(869)241-396', NULL),
(96, 'antonio47', '980ef98ea21ae25f86e21bcdd10f0845b0aa2e91', 'Dasia Towne', 'jnader@example.org', '421 Nicolas Forks\nWest Tessieborough, DE 03472-538', '1-157-748-82', NULL),
(97, 'minerva15', '73ab421d0e8d5bd2049ec3530e77bd02c5122701', 'Retha Borer', 'jamison.deckow@example.com', '528 Marks Lane\nGreenhaven, LA 06127', '(389)969-169', NULL),
(98, 'jenkins.aliya', 'e0fe346ce89c2fcef3179d641f9d9b959e3b257f', 'Dr. Brendon Parker', 'yberge@example.net', '76385 Theo Corner Apt. 824\nLangshire, UT 33862-931', '616.827.1154', NULL),
(99, 'hspencer', '384baeb9558089db36c4f47f97102693bbf945e7', 'Prof. Dana Hoeger III', 'korbin.kovacek@example.com', '4034 Jones Mountain Apt. 418\nGerlachfurt, OH 21039', '715.520.8948', NULL),
(100, 'blaise23', '4d36ad666880d9897ecfb00a599a2c513a22c97d', 'Deron Koelpin Jr.', 'allan.langosh@example.net', '421 Delpha View Apt. 165\nEast Shanelleville, VA 71', '424.282.4927', NULL),
(101, 'elinor.eichmann', 'cd431c613d4f975edff80dde20d9438247b64fe9', 'Craig Hegmann', 'francesca.feeney@example.com', '475 Jorge Oval Suite 728\nSmithberg, WA 57643-3102', '(554)029-627', NULL),
(102, 'sienna41', '83972bebd096cd699a37ba2992eadad773c7b669', 'Dr. Gaetano Ratke', 'fgoyette@example.com', '186 Anibal Courts Suite 607\nWest Margretport, IN 9', '(120)074-927', NULL),
(103, 'meta.rippin', '88a99b6e2186be93b9a7f354eff39d1dc09439aa', 'Mr. Justice Goodwin III', 'zklocko@example.net', '908 Robel Pines\nLake Kelvin, ID 48033', '(889)142-358', NULL),
(104, 'rosalyn.hirthe', 'f9ea7ce84318a3a7db28a20c589284df5b2ec566', 'Moriah Schiller IV', 'hwolff@example.com', '82922 Loyal Fall\nJeramieview, ND 22848-7880', '02534064307', NULL),
(105, 'oschimmel', 'aaccda3c862ebf492b0dd882e20def5707a2a8f3', 'Jerel Heaney', 'bnicolas@example.org', '222 Green Radial\nSouth Raymundomouth, DC 90208-265', '+11(3)102822', NULL),
(106, 'feest.lisette', '1938c2c4b58562b08695028fb125b48987a538d7', 'Cecilia Hansen IV', 'dulce.weber@example.com', '164 Mante Shoals Suite 968\nDoviebury, ME 39599', '063-048-8702', NULL),
(107, 'mskiles', 'dd055e2d46407d03c0ac55be2440cbf8afb0de68', 'Mr. Walton Kuvalis II', 'kellie32@example.org', '48556 Stehr Garden\nCollinsbury, UT 00327-7074', '732-077-0184', NULL),
(108, 'doug.cummings', 'e1de38957ca54ddc3468f35cadcc510900a4deff', 'Sophie Gottlieb', 'xkub@example.net', '4060 Winfield Greens Suite 006\nNew Jacklynport, CT', '(386)388-258', NULL),
(109, 'olehner', '1b15d3460652d430db9119910ccadc3a57c6101a', 'Prof. Freeda Larkin DDS', 'lgutkowski@example.com', '261 Cathryn Parks Suite 601\nLake Scottieburgh, AZ ', '532.827.4062', NULL),
(110, 'sturcotte', '38203c08455b292b12e91d25b4eb8f7549b0f8aa', 'Mrs. Providenci Klocko', 'rschuppe@example.net', '935 Koss Ports\nKaelyntown, MT 19123', '1-469-585-42', NULL),
(111, 'vwitting', '40fe56a73d7633a60c6cb3319d25a2ce5e4a13e6', 'Gardner Morissette', 'gibson.camden@example.org', '34879 Tyra Junctions Apt. 092\nNorth Margieville, L', '1-052-469-66', NULL),
(112, 'okuneva.dasia', 'd58ba52da078721a8801e97c4e092037bf37bc99', 'Dr. Delbert Koelpin V', 'tdonnelly@example.com', '7732 Robert Trail\nPort Israelville, SD 76581', '862-176-6794', NULL),
(113, 'mohammad26', '2a615af3144aaf45663521843d4f7cabcd39a371', 'Ruthie Tromp', 'qkoch@example.org', '638 Stoltenberg Vista\nMetzmouth, SD 69686-1207', '687.777.8584', NULL),
(114, 'sarai.von', '407aaadaeadabe0fcbb6b259ab9afb374c547e5b', 'Daphnee Bechtelar Sr.', 'lkerluke@example.org', '5093 Dakota Lock\nSouth Kennethfurt, KY 33805', '1-384-205-23', NULL),
(115, 'julian.treutel', 'dd5c4b0d58a823ff469acd7d40e626ce1730ac5b', 'Lillian Jacobs PhD', 'wilmer23@example.net', '8957 Luettgen Forge Suite 807\nWest Jarrett, NJ 019', '(047)201-087', NULL),
(116, 'schimmel.chanelle', '5665e4beffed377f82531b33927048099d2d98ea', 'Green Erdman I', 'francesco59@example.org', '300 Weissnat Extensions\nNew Wallaceberg, KY 92705-', '493-836-5108', NULL),
(117, 'rice.elda', 'aa27c970c0fdf24b2703995f886226ca935ba1f0', 'Elroy Kassulke I', 'altenwerth.greta@example.org', '924 Conn Inlet Suite 494\nNew Kaela, IA 47596-0524', '758-127-6134', NULL),
(118, 'dchristiansen', 'e5a7a46302b65ab77998abd4ab1e990585aac9f8', 'Wilford Nikolaus', 'cruickshank.ivy@example.net', '661 Sabina Mission Suite 002\nLake Lindsey, DC 3626', '965-992-5357', NULL),
(119, 'roob.kale', '339c7a4d4b8f073d7678d845732748447624cc11', 'Teagan Durgan Sr.', 'jaren.brekke@example.net', '668 Crona Lock Suite 822\nEast Dustin, WV 09094', '811-404-2048', NULL),
(120, 'milford28', '003de21637688e480f3cadca9461ef383929fcf0', 'Dr. Alessia Kerluke II', 'rowe.zella@example.net', '313 Schamberger Heights Suite 543\nLake Kariannebur', '112.519.6449', NULL),
(121, 'gail.wilderman', '988b60d48a21c37feb568694bcedf2e336c72f86', 'Mohammed Rosenbaum', 'reilly.dion@example.net', '7247 Stone Streets Suite 739\nWest Gwen, HI 91246-6', '(635)918-682', NULL),
(122, 'jbecker', '54abcd5710c0fbe2c4f4974ed0062c96ac71e14f', 'Ismael Hegmann', 'hartmann.itzel@example.com', '06372 Maiya Locks\nLake Cecilshire, KS 89922-6940', '(574)006-129', NULL),
(123, 'jenkins.federico', 'f21ef3db1c462bab2e37035b5bfb4096bdc06783', 'Darrick Beer', 'ashlee93@example.com', '08682 Margret Court\nEdytheland, WA 29517-7697', '844.511.3894', NULL),
(124, 'estevan23', '616dc975b3e4cab43824b1755cb87a1a2b112529', 'Madeline Ward DVM', 'torrey42@example.com', '767 Teagan Parkways\nNew Pierrestad, TN 42660-2406', '1-740-672-02', NULL),
(125, 'deion.walter', '8b098ab456efc085888e512a75c9332ff11f8e38', 'Ova Corwin', 'osbaldo60@example.net', '643 Bret Grove\nMorissetteville, AR 88572-1153', '121-738-0980', NULL),
(126, 'eddie87', '4ab7408b9f5310ebaef8f6c7a69292e392c281f7', 'Lyla Streich', 'mariano35@example.com', '148 Tanner Extensions Apt. 214\nTierraburgh, MS 899', '168.035.8508', NULL),
(127, 'oo\'kon', '2f2bd8776ba6209e5c25a957e047553bbe481b71', 'Annabel Reichel', 'ebahringer@example.net', '40620 Seamus Lane Suite 441\nUrsulaburgh, MI 17143', '499.290.0996', NULL),
(128, 'idell76', 'd61e564dfa31fa052516f0db1ffe59080f62488f', 'Brendon Block', 'amorissette@example.net', '61977 Hackett Burg Apt. 762\nBessiefort, OH 13499', '+16(4)454286', NULL),
(129, 'stark.ettie', '8b0087e4eac72b5c9e797b18f966ecef5fd956f1', 'Golda Herman', 'gspinka@example.net', '8981 Alvera Camp\nNorth Buddy, NC 42641', '(758)417-574', NULL),
(130, 'gbahringer', 'c0ca3eae40f43baa414ce8a2ea93761532dd3853', 'Celine Bahringer PhD', 'betty.lindgren@example.org', '832 Dena Skyway\nWest Buck, RI 24940', '1-815-996-03', NULL),
(131, 'morissette.nannie', '1c66765bb7abfbf855525074d2fa8b42c0154eb8', 'Jody Renner', 'zella.kilback@example.org', '168 Pearline Terrace\nPort Rossieton, WI 43701-1865', '387.802.4027', NULL),
(132, 'mlarkin', '970656c3ba41433df12f4461bd327885b66e46ca', 'Desmond Carter', 'vbradtke@example.net', '64047 Eryn Key\nEast Hilmaburgh, AR 15845-1916', '+21(0)295019', NULL),
(133, 'bode.lenny', '590671e4a2d6792cfc4894dc7c22f8ed0abbeb10', 'Dr. Michel Bednar', 'arempel@example.net', '9379 Gabrielle Rapids Apt. 955\nProsaccoview, IN 56', '1-387-596-01', NULL),
(134, 'asenger', '946bfc35c3c690aa622b4d1f38d3df389a6a58e8', 'Eleonore Harris', 'keegan32@example.org', '8473 Mohammed Tunnel Suite 381\nBlairborough, AL 29', '(037)732-184', NULL),
(135, 'senger.rigoberto', 'd0e0d7561e1acc49346aacc703d0172080c7c990', 'Viviane Legros', 'vtorp@example.org', '24112 Swaniawski Villages Suite 148\nEast Josie, IN', '05544520852', NULL),
(136, 'bahringer.fanny', '3f03dd8e2398cf7c839abec6449381ec42040235', 'Dr. Keeley Dooley', 'adelle64@example.net', '44311 Cora Loop\nWilfredoville, TN 99169-6713', '1-238-846-76', NULL),
(137, 'florida78', 'ed7f7d18d6f552be6b7b34a6ebc8d9b9e4f047ef', 'Jovanny Sipes', 'dtreutel@example.net', '53126 Ortiz Passage\nNorth Arnaldotown, VA 52855-45', '351.072.7616', NULL),
(138, 'pziemann', '7d696cd8599849e1fe7cf5ee281ed3118a24cadd', 'Guillermo Williamson IV', 'thompson.sylvia@example.com', '37841 Turcotte Wells Apt. 743\nPort Jerrellberg, CO', '1-479-801-63', NULL),
(139, 'xlemke', '4f82cbffb1da8432b33567441ad67472dbe675b7', 'Ms. Kaylee Nitzsche', 'maximillia.ziemann@example.net', '8450 O\'Connell Locks Suite 322\nNew Una, MT 98539-9', '1-156-119-77', NULL),
(140, 'mitchel60', '433c830629a3e3bc38bdbc3f20fcd2e99e63d433', 'Luis Predovic', 'schamberger.ned@example.org', '0965 Lelia Villages Suite 041\nLake Mayborough, HI ', '(196)117-240', NULL),
(141, 'bonita83', 'd5bdfcaf7a38971c3aa3b67ebba4127288e987bf', 'Antonina Konopelski', 'dakota.johnson@example.net', '436 Legros Lodge\nPadbergchester, WA 32889', '(648)989-351', NULL),
(142, 'clement.nolan', 'a4ddad57a803e4ca198ab9dd610989462644d062', 'Annette Thompson V', 'rkautzer@example.com', '37092 Ruecker Skyway\nCummerataborough, GA 39189', '193-793-6068', NULL),
(143, 'runolfsson.grayson', 'e6c2f7a308eadd9449694990cc2ba6b6d579818d', 'Magali Bosco', 'huels.devin@example.com', '6339 Rico Rapids\nNew Omarimouth, ME 93645-3351', '(755)293-961', NULL),
(144, 'wbraun', '4420dcbdcab6f5b7462735228a2cf28a4deb0d9d', 'Tyrel Deckow', 'ethyl.olson@example.com', '3846 Quitzon Roads\nBartolettiland, LA 79455-1397', '+35(0)819460', NULL),
(145, 'vboyer', '05b261c1de42d016aab702f8ec8a53750855d559', 'Colleen Wyman II', 'maida.boyle@example.com', '334 Brando Fall\nAbernathytown, OH 04920-7561', '062-718-2205', NULL),
(146, 'znikolaus', '5d19a25c9608a027515d413cd33e00b5c9880d24', 'Dr. Cleve Heaney Sr.', 'sharvey@example.org', '283 Kay Port Apt. 139\nWest Alessandraton, OH 96672', '743-320-1610', NULL),
(147, 'kassulke.sydni', '5c86cdf8985492b81480d552aaa77012fdce7b32', 'Claud Turcotte', 'rosenbaum.mose@example.net', '1575 Dolly Mills\nHollyton, WY 28000-6726', '310-036-5651', NULL),
(148, 'nader.christa', '4be3b0b797a2b109210d5067265e560fd47589ed', 'Elaina Swift', 'mabelle31@example.net', '91117 Olga Overpass Apt. 597\nChaddborough, ID 6882', '+43(9)614425', NULL),
(149, 'gretchen77', '976cc9c49c53f3815fe82839b7dcc6abb4647afa', 'Miss Eugenia Erdman I', 'kuvalis.dan@example.com', '2512 Krystal Meadow\nKennedimouth, OR 76748-9619', '1-337-001-01', NULL),
(150, 'hamill.seth', 'a0f12809c3fbae5007e8060c74a162a961601e60', 'Mrs. Lilla Runte PhD', 'adams.eva@example.org', '2162 Larue Union\nLorenzoside, KY 10989', '381-827-1245', NULL),
(151, 'block.amos', '3fa787912f6717df03fd2de23db8abc9df61bf67', 'Presley Kessler', 'toney.windler@example.net', '741 Rahul Lane Suite 363\nLake Gerda, WA 01353', '434-026-8705', NULL),
(152, 'brown67', '118e44b7617a5abd31b6a874cfa445c86658da44', 'Horace Legros', 'dryan@example.com', '01669 Abernathy Ridges\nPourosberg, AR 10653-7751', '1-446-375-90', NULL),
(153, 'aubree18', 'c9e28e695b41f6655b88dc8a6c04ae2e3ce3cf78', 'Janie Haag', 'jeffry.gulgowski@example.org', '01607 Kristy Parkways\nMayerfort, RI 40581-0670', '983.964.0957', NULL),
(154, 'snicolas', '75d9d382ab76140be173bfece407ab2ed66de62a', 'Kaycee Leannon', 'rowena71@example.org', '49440 Jaquan Lane\nEast Broderickmouth, CO 99027', '(746)083-750', NULL),
(155, 'ashlee.parker', '717d1da146fb1d7847b5e97300b30567d146b548', 'Mr. German Satterfield', 'vwiegand@example.net', '0912 Jennyfer Passage Suite 910\nEast Stuartfurt, P', '611-779-0280', NULL),
(156, 'austen69', 'cfe5b303dbf07aa7d975a17030189f2b3a6210da', 'Emily Turcotte', 'shanna60@example.org', '044 Maia Ford Apt. 291\nSouth Kacey, NC 27530-9940', '623.568.2679', NULL),
(157, 'jacobs.leda', 'd7746ca7326175f13d7c7f82e742cd22b0466963', 'Celine Reichel', 'mattie.leuschke@example.net', '72340 Heathcote Islands Suite 290\nPort Francesberg', '01116922656', NULL),
(158, 'zklocko', 'da4f86caff84112c15a4c371d197f7f54873a88a', 'Dejuan Osinski', 'aufderhar.hudson@example.com', '0965 Alivia Causeway\nLake Meaghan, PA 89615', '(066)259-326', NULL),
(159, 'gracie67', 'cc68dac182dd7eedd25e635117739cd1fe95e0c0', 'Helga Bernhard', 'meggie.parker@example.org', '793 Mertz Corner\nPort Nickbury, MI 45944-1556', '085-911-6435', NULL),
(160, 'ernser.dashawn', 'e2743cc8d9d0f27081795fcc469cb6f61baa0fcc', 'Darius Kshlerin III', 'osinski.garrick@example.net', '852 Eden Corner Apt. 015\nNorth Shanelle, VT 35542-', '618-555-7063', NULL),
(161, 'ohane', '91e7afe175fe3a89290ada1c753361e81ff79caa', 'Claire Franecki PhD', 'melyssa.stanton@example.com', '3879 Magnolia Run\nOthachester, NV 83667-7812', '097-131-5132', NULL),
(162, 'marlene.wilderman', '1f217926de5442d4da035db96f13c65ed14d7a99', 'Maybell Huels', 'dkihn@example.net', '097 Towne Manors\nPort Thaddeusberg, MD 79882-2243', '851.125.0533', NULL),
(163, 'eaufderhar', '336bdce3e246a0aed1cadf26d4c86acd8a4657b7', 'Bradford Stanton Jr.', 'dawn87@example.net', '8343 Saige Spur\nLake Retaside, WV 48202-3847', '768.938.4009', NULL),
(164, 'mallory38', '3d6a24a2db9e35c911fda4a01b8619579f5b01c4', 'Dr. Anibal Johnston II', 'schmitt.irving@example.net', '88161 Nelle Roads\nLoraview, AK 12136', '1-337-295-50', NULL),
(165, 'adibbert', '9b8c8ee593ee6c2ce21cead3d185ac5042ac6863', 'Juanita Hickle', 'bella.langworth@example.com', '70029 O\'Kon Cliff\nEast Alfonzomouth, MS 84209', '03102277262', NULL),
(166, 'dicki.abigale', '5e676de0b4194d3569e1955536b49bdaf3c4ac2a', 'Matilda Bayer II', 'stehr.leatha@example.net', '940 Laurianne Mission\nBahringerville, GA 33289-147', '(527)078-772', NULL),
(167, 'hirthe.hayley', '0cce8d921be153327e31eb771093e014580ff329', 'Prof. Etha Price Sr.', 'gabe66@example.com', '446 Weber Port Suite 999\nSouth Anabelland, IA 7864', '+04(3)856476', NULL),
(168, 'obeatty', 'd13eba68b2d4179509108165d485be23a9019835', 'Cassie Flatley', 'weston93@example.net', '98258 Collier Points\nWernerstad, NV 39805', '873-580-7417', NULL),
(169, 'gibson.antwon', '87c8746bc05c3d9bd12f31f539a7cb61af0c7223', 'Mrs. Liliana Buckridge', 'javon.kris@example.net', '3993 Kiarra Freeway Suite 755\nLake Demarco, DE 827', '(852)860-719', NULL),
(170, 'wwill', 'ed2852427045c1fe7db517a10cea7504166b826d', 'Verner Hirthe', 'ferry.lucas@example.net', '36944 Imogene Garden Suite 563\nLake Rosarioport, N', '1-149-900-48', NULL),
(171, 'ankunding.rebeca', '988edfc3ae6c22a4dff9c96447feecefa3ebcaba', 'Arne Wiegand', 'armando97@example.com', '517 Kozey Manors\nNew Elmoretown, MI 04754-8170', '(568)786-623', NULL),
(172, 'goodwin.caleigh', '111b380da23ed597737b99fa59076593a080b0b7', 'Gunner O\'Hara', 'tferry@example.org', '73145 Izaiah Coves\nEast Jamieborough, UT 29700-029', '228.663.3709', NULL),
(173, 'xwuckert', '4318eb3e233455e47efc430fa9dd43ca5a6c02b5', 'Cassidy Lebsack', 'kenny.smith@example.com', '906 Keven Turnpike\nPort Mauricechester, MT 54672-3', '1-075-434-11', NULL),
(174, 'hansen.america', '6336385010316246f9c18ddd6092d442eac91d09', 'Mrs. Chanelle Hackett', 'wendell24@example.net', '82448 Rempel Knoll Apt. 753\nPagacland, WY 34522', '700.415.7659', NULL),
(175, 'schaden.hassie', '392d8ac78a5bc28aa78fa15c0708864e7928e585', 'Cullen Ward', 'hunter.kunde@example.net', '48476 Nicolas Rest Apt. 164\nWhitetown, MA 23672', '409-833-2173', NULL),
(176, 'brooklyn.ferry', 'fd1182e13ec79d61468b75ee3e87530eaa954f94', 'Mr. Junius Blanda', 'pboyer@example.org', '4076 Nitzsche Shoals\nDulcemouth, CT 09034-4564', '117.068.3404', NULL),
(177, 'o\'reilly.dusty', 'fa086562593a1d88fd42a3e514a30875079ec587', 'Josh Sawayn', 'justine.pouros@example.com', '569 Ayla Ramp Suite 016\nWest Chasefurt, GA 35125', '1-120-225-10', NULL),
(178, 'elmore56', '779121edc380ea6f73da45b43c4c99fa75777627', 'Mrs. Lexie Cormier Sr.', 'clair71@example.org', '111 Alice Plaza\nGeoland, GA 10693', '1-786-078-75', NULL),
(179, 'kling.fae', '5f65c4c623fb6edf6032c2780571620b7efa1103', 'Clark Lesch', 'ambrose02@example.net', '122 Reece Divide Suite 123\nNorth Luigi, AL 62431', '997-125-2731', NULL),
(180, 'miguel.cartwright', 'e76ffc820bce2bf3798a1d901a013c844b658467', 'Tod Heidenreich', 'lhoppe@example.org', '615 Gottlieb Mountain Apt. 612\nHassanland, NE 4212', '747-197-8329', NULL),
(181, 'wilkinson.caroline', 'ae8168e9ebc5678ee033136169c31e0abb3cc9eb', 'Dr. Curt Koss', 'dicki.berenice@example.net', '73709 Jennyfer Mission Apt. 086\nCurtisview, KS 062', '621-021-7297', NULL),
(182, 'sdurgan', '385fde6ec11e599750385f62d62f0b41dea592ae', 'Gloria Mayer II', 'donnelly.favian@example.org', '47964 Bailey Coves\nEast Sunny, DE 33223-5128', '190.305.8780', NULL),
(183, 'tevin17', 'faadfc41dd378344c626e0dc7f2cbff6f4e8dc19', 'Rashad Swaniawski', 'zieme.clyde@example.net', '00015 Trevor Fields Apt. 343\nDomenickbury, CA 2292', '740-924-1511', NULL),
(184, 'ystracke', 'a45a7c9e89f1bf4c1ea77d85456beb4bd0cbfab6', 'Teresa Haag', 'bell57@example.org', '098 Roberts Radial\nEffertzbury, CO 52097', '852.065.4810', NULL),
(185, 'helene45', 'ca030e727cc30a16e9a631375b4c4c06e7c34860', 'Prof. Willie Beatty', 'ansel.auer@example.org', '46707 Geovany Lane\nMcLaughlinton, KS 64904-3764', '762.213.3952', NULL),
(186, 'hilll.otilia', '92cc25ebaa20963eb1409157b0ae76ac95e78260', 'River Deckow', 'eva.rowe@example.net', '761 Marvin Neck Apt. 154\nDemarcusbury, GA 87189-51', '05946190636', NULL),
(187, 'nolan.maryse', '9024fefc89f99f89a738e07ac8f809c0e72cf8fe', 'Leanne Rolfson', 'lorenza.effertz@example.org', '2083 Bailey Drives Suite 265\nGersonfort, MA 15254-', '01530383074', NULL),
(188, 'simeon43', '505de84b8068096c16a79f0d74aa98bacefc4769', 'Vivien Konopelski', 'julie.rolfson@example.com', '009 Wisozk Drive Suite 083\nPort Leonie, KY 91045', '620-969-2430', NULL),
(189, 'bogan.halle', 'd46bdbb17f1a9a69c440eb0516a42684df6f6371', 'Nannie Dickens', 'murray.melisa@example.com', '57491 Leif Vista Apt. 279\nEast Ashton, OH 30631-34', '+40(6)357050', NULL),
(190, 'kuhlman.randi', 'e58b7d87fe1a89720f2e92370cdb60240392422a', 'Miss Sierra Orn MD', 'serena12@example.net', '40286 Kyra Prairie\nZiemeshire, MO 90878', '916-675-9217', NULL),
(191, 'damion56', '55fc2ff060535ec4bb96f21666f76dfbb0b0fc0c', 'Alvina Dach', 'larry95@example.com', '23375 Margarett Hollow Apt. 127\nBlandafurt, MA 128', '266.316.0355', NULL),
(192, 'gkerluke', '57fbf59dc4ec64a8064cd2e8e25470da80bd978b', 'Magnolia Nienow', 'yreichel@example.net', '033 Michel Lodge Apt. 003\nSouth Wiltonmouth, CO 22', '+24(7)656863', NULL),
(193, 'lwisozk', '2eb253fc8ca9484a02e19f3e22c04b33c59fe53b', 'Eliezer Wintheiser', 'bryon51@example.com', '5904 Alfredo Isle Apt. 529\nIvoryton, OK 05877-9054', '+45(4)946616', NULL),
(194, 'linnea.windler', 'cc7e06a889602a7e310c462189d663cbac986549', 'Furman Schmidt', 'cchamplin@example.net', '805 Gail Gardens Suite 842\nNorth Jaylanville, DE 8', '+52(6)566162', NULL),
(195, 'konopelski.jarret', '47630501f1cbe45b87a848e0e34fbc8a8e5e36b7', 'Eldora Swaniawski II', 'jonatan.langosh@example.org', '4448 Zieme Roads Suite 122\nJackieburgh, LA 64739', '1-908-598-93', NULL),
(196, 'ywalter', '228bc54fac57d73c464934959514463dc8bc5cd2', 'Prof. Maureen Rice', 'emard.julien@example.net', '7587 Heaven Light Apt. 489\nEast Bennett, MT 28354-', '+65(6)097572', NULL),
(197, 'mariah64', '0a156618cbf365973fdac2e7c6c9fd8e8fe58108', 'Brennan Zboncak', 'jakubowski.karli@example.net', '513 Kutch Roads Apt. 452\nTrudieland, WI 91295', '1-244-920-82', NULL),
(198, 'xzavier00', '78fcac62e7f48f055e1d306611d1f625266094a8', 'Lukas Rowe', 'hammes.shanie@example.com', '008 Letha Heights Suite 060\nSouth Deanna, IL 95103', '660-711-9669', NULL),
(199, 'grayce04', '64d3e1b3f8ed3108c636e275f37e78d89508abe9', 'Prof. Edison Dibbert', 'richie82@example.com', '65812 Heller Square\nSouth Jeradfort, MA 32983', '1-501-480-07', NULL),
(200, 'jonathan.trantow', '7c12d428f27bb0245cac0a4b311d9e44730c91a1', 'Dr. Ludwig Mertz DDS', 'elva.bins@example.net', '95213 Era Wall\nNorth Olga, IN 21683-0791', '880-883-5074', NULL),
(201, 'njacobson', '9862723c2cfb21f6e1ff56e98464b113fe45f2b7', 'Mr. Jamal Rippin', 'nat84@example.org', '6449 Maurine Gardens Suite 537\nNew Pattiemouth, MO', '(720)084-112', NULL);

--
-- Indexes for dumped tables
--

--
-- Indexes for table `books`
--
ALTER TABLE `books`
  ADD PRIMARY KEY (`ID`);

--
-- Indexes for table `book_order`
--
ALTER TABLE `book_order`
  ADD PRIMARY KEY (`Nomor_Order`);

--
-- Indexes for table `review`
--
ALTER TABLE `review`
  ADD PRIMARY KEY (`ID`);

--
-- Indexes for table `user`
--
ALTER TABLE `user`
  ADD PRIMARY KEY (`ID`);

--
-- AUTO_INCREMENT for dumped tables
--

--
-- AUTO_INCREMENT for table `books`
--
ALTER TABLE `books`
  MODIFY `ID` int(50) NOT NULL AUTO_INCREMENT, AUTO_INCREMENT=101;

--
-- AUTO_INCREMENT for table `book_order`
--
ALTER TABLE `book_order`
  MODIFY `Nomor_Order` int(11) NOT NULL AUTO_INCREMENT, AUTO_INCREMENT=301;

--
-- AUTO_INCREMENT for table `review`
--
ALTER TABLE `review`
  MODIFY `ID` int(11) NOT NULL AUTO_INCREMENT, AUTO_INCREMENT=151;

--
-- AUTO_INCREMENT for table `user`
--
ALTER TABLE `user`
  MODIFY `ID` int(50) NOT NULL AUTO_INCREMENT, AUTO_INCREMENT=202;
COMMIT;

/*!40101 SET CHARACTER_SET_CLIENT=@OLD_CHARACTER_SET_CLIENT */;
/*!40101 SET CHARACTER_SET_RESULTS=@OLD_CHARACTER_SET_RESULTS */;
/*!40101 SET COLLATION_CONNECTION=@OLD_COLLATION_CONNECTION */;
